Trip Start Timestamp,Taxi ID
10/30/2023 11:00:00 PM,68
10/30/2023 10:45:00 PM,86
10/30/2023 10:30:00 PM,89
10/30/2023 10:15:00 PM,96
10/30/2023 10:00:00 PM,110
10/30/2023 09:45:00 PM,105
10/30/2023 09:30:00 PM,105
10/30/2023 09:15:00 PM,138
10/30/2023 09:00:00 PM,153
10/30/2023 08:45:00 PM,137
10/30/2023 08:30:00 PM,153
10/30/2023 08:15:00 PM,169
10/30/2023 08:00:00 PM,197
10/30/2023 07:45:00 PM,209
10/30/2023 07:30:00 PM,206
10/30/2023 07:15:00 PM,208
10/30/2023 07:00:00 PM,277
10/30/2023 06:45:00 PM,219
10/30/2023 06:30:00 PM,299
10/30/2023 06:15:00 PM,301
10/30/2023 06:00:00 PM,248
10/30/2023 05:45:00 PM,256
10/30/2023 05:30:00 PM,289
10/30/2023 05:15:00 PM,290
10/30/2023 05:00:00 PM,294
10/30/2023 04:45:00 PM,284
10/30/2023 04:30:00 PM,269
10/30/2023 04:15:00 PM,301
10/30/2023 04:00:00 PM,268
10/30/2023 03:45:00 PM,229
10/30/2023 03:30:00 PM,300
10/30/2023 03:15:00 PM,284
10/30/2023 03:00:00 PM,273
10/30/2023 02:45:00 PM,257
10/30/2023 02:30:00 PM,243
10/30/2023 02:15:00 PM,268
10/30/2023 02:00:00 PM,266
10/30/2023 01:45:00 PM,248
10/30/2023 01:30:00 PM,228
10/30/2023 01:15:00 PM,277
10/30/2023 01:00:00 PM,252
10/30/2023 12:45:00 PM,250
10/30/2023 12:30:00 PM,238
10/30/2023 12:15:00 PM,242
10/30/2023 12:00:00 PM,232
10/30/2023 11:45:00 AM,225
10/30/2023 11:30:00 AM,229
10/30/2023 11:15:00 AM,240
10/30/2023 11:00:00 AM,238
10/30/2023 10:45:00 AM,236
10/30/2023 10:30:00 AM,218
10/30/2023 10:15:00 AM,216
10/30/2023 10:00:00 AM,236
10/30/2023 09:45:00 AM,269
10/30/2023 09:30:00 AM,256
10/30/2023 09:15:00 AM,282
10/30/2023 09:00:00 AM,243
10/30/2023 08:45:00 AM,269
10/30/2023 08:30:00 AM,226
10/30/2023 08:15:00 AM,269
10/30/2023 08:00:00 AM,197
10/30/2023 07:45:00 AM,227
10/30/2023 07:30:00 AM,223
10/30/2023 07:15:00 AM,146
10/30/2023 07:00:00 AM,152
10/30/2023 06:45:00 AM,115
10/30/2023 06:30:00 AM,96
10/30/2023 06:15:00 AM,68
10/30/2023 06:00:00 AM,78
10/30/2023 05:45:00 AM,68
10/30/2023 05:30:00 AM,48
10/30/2023 05:15:00 AM,34
10/30/2023 05:00:00 AM,41
10/30/2023 04:45:00 AM,33
10/30/2023 04:30:00 AM,33
10/30/2023 04:15:00 AM,21
10/30/2023 04:00:00 AM,24
10/30/2023 03:45:00 AM,20
10/30/2023 03:30:00 AM,16
10/30/2023 03:15:00 AM,20
10/30/2023 03:00:00 AM,10
10/30/2023 02:45:00 AM,17
10/30/2023 02:30:00 AM,12
10/30/2023 02:15:00 AM,28
10/30/2023 02:00:00 AM,22
10/30/2023 01:45:00 AM,25
10/30/2023 01:30:00 AM,31
10/30/2023 01:15:00 AM,45
10/30/2023 01:00:00 AM,56
10/30/2023 12:45:00 AM,62
10/30/2023 12:30:00 AM,45
10/30/2023 12:15:00 AM,82
10/30/2023 12:00:00 AM,79
10/29/2023 11:45:00 PM,67
10/29/2023 11:30:00 PM,81
10/29/2023 11:15:00 PM,78
10/29/2023 11:00:00 PM,96
10/29/2023 10:45:00 PM,96
10/29/2023 10:30:00 PM,90
10/29/2023 10:15:00 PM,115
10/29/2023 10:00:00 PM,129
10/29/2023 09:45:00 PM,155
10/29/2023 09:30:00 PM,144
10/29/2023 09:15:00 PM,133
10/29/2023 09:00:00 PM,149
10/29/2023 08:45:00 PM,130
10/29/2023 08:30:00 PM,146
10/29/2023 08:15:00 PM,141
10/29/2023 08:00:00 PM,190
10/29/2023 07:45:00 PM,213
10/29/2023 07:30:00 PM,188
10/29/2023 07:15:00 PM,217
10/29/2023 07:00:00 PM,182
10/29/2023 06:45:00 PM,179
10/29/2023 06:30:00 PM,209
10/29/2023 06:15:00 PM,197
10/29/2023 06:00:00 PM,211
10/29/2023 05:45:00 PM,180
10/29/2023 05:30:00 PM,234
10/29/2023 05:15:00 PM,225
10/29/2023 05:00:00 PM,253
10/29/2023 04:45:00 PM,235
10/29/2023 04:30:00 PM,187
10/29/2023 04:15:00 PM,195
10/29/2023 04:00:00 PM,172
10/29/2023 03:45:00 PM,197
10/29/2023 03:30:00 PM,208
10/29/2023 03:15:00 PM,240
10/29/2023 03:00:00 PM,253
10/29/2023 02:45:00 PM,233
10/29/2023 02:30:00 PM,193
10/29/2023 02:15:00 PM,176
10/29/2023 02:00:00 PM,186
10/29/2023 01:45:00 PM,197
10/29/2023 01:30:00 PM,190
10/29/2023 01:15:00 PM,203
10/29/2023 01:00:00 PM,193
10/29/2023 12:45:00 PM,205
10/29/2023 12:30:00 PM,197
10/29/2023 12:15:00 PM,216
10/29/2023 12:00:00 PM,212
10/29/2023 11:45:00 AM,194
10/29/2023 11:30:00 AM,182
10/29/2023 11:15:00 AM,179
10/29/2023 11:00:00 AM,192
10/29/2023 10:45:00 AM,172
10/29/2023 10:30:00 AM,157
10/29/2023 10:15:00 AM,182
10/29/2023 10:00:00 AM,170
10/29/2023 09:45:00 AM,159
10/29/2023 09:30:00 AM,139
10/29/2023 09:15:00 AM,125
10/29/2023 09:00:00 AM,117
10/29/2023 08:45:00 AM,96
10/29/2023 08:30:00 AM,85
10/29/2023 08:15:00 AM,84
10/29/2023 08:00:00 AM,83
10/29/2023 07:45:00 AM,82
10/29/2023 07:30:00 AM,69
10/29/2023 07:15:00 AM,72
10/29/2023 07:00:00 AM,67
10/29/2023 06:45:00 AM,81
10/29/2023 06:30:00 AM,50
10/29/2023 06:15:00 AM,40
10/29/2023 06:00:00 AM,40
10/29/2023 05:45:00 AM,45
10/29/2023 05:30:00 AM,49
10/29/2023 05:15:00 AM,39
10/29/2023 05:00:00 AM,57
10/29/2023 04:45:00 AM,48
10/29/2023 04:30:00 AM,49
10/29/2023 04:15:00 AM,45
10/29/2023 04:00:00 AM,53
10/29/2023 03:45:00 AM,53
10/29/2023 03:30:00 AM,60
10/29/2023 03:15:00 AM,67
10/29/2023 03:00:00 AM,74
10/29/2023 02:45:00 AM,72
10/29/2023 02:30:00 AM,85
10/29/2023 02:15:00 AM,95
10/29/2023 02:00:00 AM,89
10/29/2023 01:45:00 AM,91
10/29/2023 01:30:00 AM,122
10/29/2023 01:15:00 AM,114
10/29/2023 01:00:00 AM,143
10/29/2023 12:45:00 AM,123
10/29/2023 12:30:00 AM,149
10/29/2023 12:15:00 AM,130
10/29/2023 12:00:00 AM,136
10/28/2023 11:45:00 PM,134
10/28/2023 11:30:00 PM,144
10/28/2023 11:15:00 PM,155
10/28/2023 11:00:00 PM,123
10/28/2023 10:45:00 PM,145
10/28/2023 10:30:00 PM,149
10/28/2023 10:15:00 PM,173
10/28/2023 10:00:00 PM,163
10/28/2023 09:45:00 PM,163
10/28/2023 09:30:00 PM,168
10/28/2023 09:15:00 PM,164
10/28/2023 09:00:00 PM,163
10/28/2023 08:45:00 PM,178
10/28/2023 08:30:00 PM,239
10/28/2023 08:15:00 PM,197
10/28/2023 08:00:00 PM,229
10/28/2023 07:45:00 PM,258
10/28/2023 07:30:00 PM,258
10/28/2023 07:15:00 PM,221
10/28/2023 07:00:00 PM,233
10/28/2023 06:45:00 PM,249
10/28/2023 06:30:00 PM,231
10/28/2023 06:15:00 PM,211
10/28/2023 06:00:00 PM,221
10/28/2023 05:45:00 PM,214
10/28/2023 05:30:00 PM,217
10/28/2023 05:15:00 PM,220
10/28/2023 05:00:00 PM,230
10/28/2023 04:45:00 PM,215
10/28/2023 04:30:00 PM,226
10/28/2023 04:15:00 PM,225
10/28/2023 04:00:00 PM,212
10/28/2023 03:45:00 PM,211
10/28/2023 03:30:00 PM,201
10/28/2023 03:15:00 PM,217
10/28/2023 03:00:00 PM,227
10/28/2023 02:45:00 PM,229
10/28/2023 02:30:00 PM,210
10/28/2023 02:15:00 PM,206
10/28/2023 02:00:00 PM,199
10/28/2023 01:45:00 PM,182
10/28/2023 01:30:00 PM,185
10/28/2023 01:15:00 PM,223
10/28/2023 01:00:00 PM,192
10/28/2023 12:45:00 PM,208
10/28/2023 12:30:00 PM,210
10/28/2023 12:15:00 PM,214
10/28/2023 12:00:00 PM,212
10/28/2023 11:45:00 AM,227
10/28/2023 11:30:00 AM,204
10/28/2023 11:15:00 AM,205
10/28/2023 11:00:00 AM,181
10/28/2023 10:45:00 AM,188
10/28/2023 10:30:00 AM,183
10/28/2023 10:15:00 AM,158
10/28/2023 10:00:00 AM,173
10/28/2023 09:45:00 AM,145
10/28/2023 09:30:00 AM,143
10/28/2023 09:15:00 AM,134
10/28/2023 09:00:00 AM,120
10/28/2023 08:45:00 AM,109
10/28/2023 08:30:00 AM,101
10/28/2023 08:15:00 AM,96
10/28/2023 08:00:00 AM,74
10/28/2023 07:45:00 AM,82
10/28/2023 07:30:00 AM,61
10/28/2023 07:15:00 AM,63
10/28/2023 07:00:00 AM,52
10/28/2023 06:45:00 AM,45
10/28/2023 06:30:00 AM,54
10/28/2023 06:15:00 AM,42
10/28/2023 06:00:00 AM,41
10/28/2023 05:45:00 AM,34
10/28/2023 05:30:00 AM,32
10/28/2023 05:15:00 AM,27
10/28/2023 05:00:00 AM,44
10/28/2023 04:45:00 AM,35
10/28/2023 04:30:00 AM,25
10/28/2023 04:15:00 AM,29
10/28/2023 04:00:00 AM,39
10/28/2023 03:45:00 AM,42
10/28/2023 03:30:00 AM,34
10/28/2023 03:15:00 AM,50
10/28/2023 03:00:00 AM,40
10/28/2023 02:45:00 AM,57
10/28/2023 02:30:00 AM,49
10/28/2023 02:15:00 AM,61
10/28/2023 02:00:00 AM,100
10/28/2023 01:45:00 AM,89
10/28/2023 01:30:00 AM,91
10/28/2023 01:15:00 AM,88
10/28/2023 01:00:00 AM,101
10/28/2023 12:45:00 AM,81
10/28/2023 12:30:00 AM,103
10/28/2023 12:15:00 AM,128
10/28/2023 12:00:00 AM,104
10/27/2023 11:45:00 PM,128
10/27/2023 11:30:00 PM,136
10/27/2023 11:15:00 PM,155
10/27/2023 11:00:00 PM,151
10/27/2023 10:45:00 PM,139
10/27/2023 10:30:00 PM,163
10/27/2023 10:15:00 PM,198
10/27/2023 10:00:00 PM,158
10/27/2023 09:45:00 PM,185
10/27/2023 09:30:00 PM,195
10/27/2023 09:15:00 PM,203
10/27/2023 09:00:00 PM,222
10/27/2023 08:45:00 PM,237
10/27/2023 08:30:00 PM,297
10/27/2023 08:15:00 PM,310
10/27/2023 08:00:00 PM,318
10/27/2023 07:45:00 PM,310
10/27/2023 07:30:00 PM,390
10/27/2023 07:15:00 PM,364
10/27/2023 07:00:00 PM,414
10/27/2023 06:45:00 PM,420
10/27/2023 06:30:00 PM,403
10/27/2023 06:15:00 PM,360
10/27/2023 06:00:00 PM,353
10/27/2023 05:45:00 PM,338
10/27/2023 05:30:00 PM,379
10/27/2023 05:15:00 PM,328
10/27/2023 05:00:00 PM,349
10/27/2023 04:45:00 PM,316
10/27/2023 04:30:00 PM,328
10/27/2023 04:15:00 PM,286
10/27/2023 04:00:00 PM,310
10/27/2023 03:45:00 PM,337
10/27/2023 03:30:00 PM,329
10/27/2023 03:15:00 PM,373
10/27/2023 03:00:00 PM,340
10/27/2023 02:45:00 PM,326
10/27/2023 02:30:00 PM,357
10/27/2023 02:15:00 PM,352
10/27/2023 02:00:00 PM,328
10/27/2023 01:45:00 PM,303
10/27/2023 01:30:00 PM,329
10/27/2023 01:15:00 PM,329
10/27/2023 01:00:00 PM,332
10/27/2023 12:45:00 PM,302
10/27/2023 12:30:00 PM,280
10/27/2023 12:15:00 PM,318
10/27/2023 12:00:00 PM,303
10/27/2023 11:45:00 AM,313
10/27/2023 11:30:00 AM,324
10/27/2023 11:15:00 AM,274
10/27/2023 11:00:00 AM,292
10/27/2023 10:45:00 AM,263
10/27/2023 10:30:00 AM,265
10/27/2023 10:15:00 AM,234
10/27/2023 10:00:00 AM,246
10/27/2023 09:45:00 AM,255
10/27/2023 09:30:00 AM,228
10/27/2023 09:15:00 AM,270
10/27/2023 09:00:00 AM,229
10/27/2023 08:45:00 AM,247
10/27/2023 08:30:00 AM,207
10/27/2023 08:15:00 AM,236
10/27/2023 08:00:00 AM,223
10/27/2023 07:45:00 AM,206
10/27/2023 07:30:00 AM,170
10/27/2023 07:15:00 AM,126
10/27/2023 07:00:00 AM,140
10/27/2023 06:45:00 AM,118
10/27/2023 06:30:00 AM,121
10/27/2023 06:15:00 AM,92
10/27/2023 06:00:00 AM,87
10/27/2023 05:45:00 AM,73
10/27/2023 05:30:00 AM,61
10/27/2023 05:15:00 AM,40
10/27/2023 05:00:00 AM,46
10/27/2023 04:45:00 AM,32
10/27/2023 04:30:00 AM,31
10/27/2023 04:15:00 AM,21
10/27/2023 04:00:00 AM,19
10/27/2023 03:45:00 AM,14
10/27/2023 03:30:00 AM,15
10/27/2023 03:15:00 AM,17
10/27/2023 03:00:00 AM,17
10/27/2023 02:45:00 AM,15
10/27/2023 02:30:00 AM,16
10/27/2023 02:15:00 AM,23
10/27/2023 02:00:00 AM,23
10/27/2023 01:45:00 AM,31
10/27/2023 01:30:00 AM,46
10/27/2023 01:15:00 AM,48
10/27/2023 01:00:00 AM,56
10/27/2023 12:45:00 AM,67
10/27/2023 12:30:00 AM,58
10/27/2023 12:15:00 AM,99
10/27/2023 12:00:00 AM,116
10/26/2023 11:45:00 PM,120
10/26/2023 11:30:00 PM,131
10/26/2023 11:15:00 PM,163
10/26/2023 11:00:00 PM,191
10/26/2023 10:45:00 PM,191
10/26/2023 10:30:00 PM,184
10/26/2023 10:15:00 PM,192
10/26/2023 10:00:00 PM,186
10/26/2023 09:45:00 PM,233
10/26/2023 09:30:00 PM,278
10/26/2023 09:15:00 PM,291
10/26/2023 09:00:00 PM,289
10/26/2023 08:45:00 PM,285
10/26/2023 08:30:00 PM,294
10/26/2023 08:15:00 PM,277
10/26/2023 08:00:00 PM,327
10/26/2023 07:45:00 PM,282
10/26/2023 07:30:00 PM,296
10/26/2023 07:15:00 PM,363
10/26/2023 07:00:00 PM,365
10/26/2023 06:45:00 PM,370
10/26/2023 06:30:00 PM,406
10/26/2023 06:15:00 PM,384
10/26/2023 06:00:00 PM,389
10/26/2023 05:45:00 PM,362
10/26/2023 05:30:00 PM,342
10/26/2023 05:15:00 PM,392
10/26/2023 05:00:00 PM,438
10/26/2023 04:45:00 PM,343
10/26/2023 04:30:00 PM,390
10/26/2023 04:15:00 PM,380
10/26/2023 04:00:00 PM,359
10/26/2023 03:45:00 PM,388
10/26/2023 03:30:00 PM,381
10/26/2023 03:15:00 PM,417
10/26/2023 03:00:00 PM,422
10/26/2023 02:45:00 PM,421
10/26/2023 02:30:00 PM,386
10/26/2023 02:15:00 PM,336
10/26/2023 02:00:00 PM,339
10/26/2023 01:45:00 PM,315
10/26/2023 01:30:00 PM,344
10/26/2023 01:15:00 PM,341
10/26/2023 01:00:00 PM,350
10/26/2023 12:45:00 PM,312
10/26/2023 12:30:00 PM,310
10/26/2023 12:15:00 PM,314
10/26/2023 12:00:00 PM,315
10/26/2023 11:45:00 AM,313
10/26/2023 11:30:00 AM,309
10/26/2023 11:15:00 AM,282
10/26/2023 11:00:00 AM,293
10/26/2023 10:45:00 AM,272
10/26/2023 10:30:00 AM,295
10/26/2023 10:15:00 AM,258
10/26/2023 10:00:00 AM,323
10/26/2023 09:45:00 AM,307
10/26/2023 09:30:00 AM,317
10/26/2023 09:15:00 AM,342
10/26/2023 09:00:00 AM,312
10/26/2023 08:45:00 AM,315
10/26/2023 08:30:00 AM,315
10/26/2023 08:15:00 AM,289
10/26/2023 08:00:00 AM,276
10/26/2023 07:45:00 AM,257
10/26/2023 07:30:00 AM,226
10/26/2023 07:15:00 AM,172
10/26/2023 07:00:00 AM,167
10/26/2023 06:45:00 AM,129
10/26/2023 06:30:00 AM,125
10/26/2023 06:15:00 AM,93
10/26/2023 06:00:00 AM,82
10/26/2023 05:45:00 AM,72
10/26/2023 05:30:00 AM,63
10/26/2023 05:15:00 AM,52
10/26/2023 05:00:00 AM,48
10/26/2023 04:45:00 AM,35
10/26/2023 04:30:00 AM,37
10/26/2023 04:15:00 AM,24
10/26/2023 04:00:00 AM,16
10/26/2023 03:45:00 AM,19
10/26/2023 03:30:00 AM,16
10/26/2023 03:15:00 AM,16
10/26/2023 03:00:00 AM,25
10/26/2023 02:45:00 AM,15
10/26/2023 02:30:00 AM,22
10/26/2023 02:15:00 AM,25
10/26/2023 02:00:00 AM,34
10/26/2023 01:45:00 AM,27
10/26/2023 01:30:00 AM,28
10/26/2023 01:15:00 AM,33
10/26/2023 01:00:00 AM,31
10/26/2023 12:45:00 AM,56
10/26/2023 12:30:00 AM,44
10/26/2023 12:15:00 AM,52
10/26/2023 12:00:00 AM,92
10/25/2023 11:45:00 PM,109
10/25/2023 11:30:00 PM,97
10/25/2023 11:15:00 PM,113
10/25/2023 11:00:00 PM,128
10/25/2023 10:45:00 PM,114
10/25/2023 10:30:00 PM,131
10/25/2023 10:15:00 PM,162
10/25/2023 10:00:00 PM,179
10/25/2023 09:45:00 PM,128
10/25/2023 09:30:00 PM,157
10/25/2023 09:15:00 PM,226
10/25/2023 09:00:00 PM,268
10/25/2023 08:45:00 PM,268
10/25/2023 08:30:00 PM,262
10/25/2023 08:15:00 PM,270
10/25/2023 08:00:00 PM,283
10/25/2023 07:45:00 PM,323
10/25/2023 07:30:00 PM,342
10/25/2023 07:15:00 PM,369
10/25/2023 07:00:00 PM,378
10/25/2023 06:45:00 PM,390
10/25/2023 06:30:00 PM,426
10/25/2023 06:15:00 PM,434
10/25/2023 06:00:00 PM,407
10/25/2023 05:45:00 PM,401
10/25/2023 05:30:00 PM,401
10/25/2023 05:15:00 PM,441
10/25/2023 05:00:00 PM,418
10/25/2023 04:45:00 PM,393
10/25/2023 04:30:00 PM,373
10/25/2023 04:15:00 PM,410
10/25/2023 04:00:00 PM,423
10/25/2023 03:45:00 PM,395
10/25/2023 03:30:00 PM,351
10/25/2023 03:15:00 PM,356
10/25/2023 03:00:00 PM,361
10/25/2023 02:45:00 PM,395
10/25/2023 02:30:00 PM,349
10/25/2023 02:15:00 PM,374
10/25/2023 02:00:00 PM,377
10/25/2023 01:45:00 PM,365
10/25/2023 01:30:00 PM,381
10/25/2023 01:15:00 PM,355
10/25/2023 01:00:00 PM,359
10/25/2023 12:45:00 PM,315
10/25/2023 12:30:00 PM,328
10/25/2023 12:15:00 PM,366
10/25/2023 12:00:00 PM,353
10/25/2023 11:45:00 AM,346
10/25/2023 11:30:00 AM,319
10/25/2023 11:15:00 AM,312
10/25/2023 11:00:00 AM,326
10/25/2023 10:45:00 AM,346
10/25/2023 10:30:00 AM,275
10/25/2023 10:15:00 AM,303
10/25/2023 10:00:00 AM,339
10/25/2023 09:45:00 AM,350
10/25/2023 09:30:00 AM,335
10/25/2023 09:15:00 AM,371
10/25/2023 09:00:00 AM,322
10/25/2023 08:45:00 AM,319
10/25/2023 08:30:00 AM,303
10/25/2023 08:15:00 AM,282
10/25/2023 08:00:00 AM,296
10/25/2023 07:45:00 AM,244
10/25/2023 07:30:00 AM,275
10/25/2023 07:15:00 AM,182
10/25/2023 07:00:00 AM,192
10/25/2023 06:45:00 AM,152
10/25/2023 06:30:00 AM,137
10/25/2023 06:15:00 AM,95
10/25/2023 06:00:00 AM,69
10/25/2023 05:45:00 AM,63
10/25/2023 05:30:00 AM,57
10/25/2023 05:15:00 AM,45
10/25/2023 05:00:00 AM,36
10/25/2023 04:45:00 AM,35
10/25/2023 04:30:00 AM,29
10/25/2023 04:15:00 AM,23
10/25/2023 04:00:00 AM,20
10/25/2023 03:45:00 AM,12
10/25/2023 03:30:00 AM,16
10/25/2023 03:15:00 AM,16
10/25/2023 03:00:00 AM,20
10/25/2023 02:45:00 AM,18
10/25/2023 02:30:00 AM,14
10/25/2023 02:15:00 AM,16
10/25/2023 02:00:00 AM,13
10/25/2023 01:45:00 AM,18
10/25/2023 01:30:00 AM,18
10/25/2023 01:15:00 AM,38
10/25/2023 01:00:00 AM,44
10/25/2023 12:45:00 AM,40
10/25/2023 12:30:00 AM,40
10/25/2023 12:15:00 AM,62
10/25/2023 12:00:00 AM,93
10/24/2023 11:45:00 PM,97
10/24/2023 11:30:00 PM,88
10/24/2023 11:15:00 PM,75
10/24/2023 11:00:00 PM,118
10/24/2023 10:45:00 PM,147
10/24/2023 10:30:00 PM,128
10/24/2023 10:15:00 PM,132
10/24/2023 10:00:00 PM,118
10/24/2023 09:45:00 PM,144
10/24/2023 09:30:00 PM,164
10/24/2023 09:15:00 PM,173
10/24/2023 09:00:00 PM,196
10/24/2023 08:45:00 PM,191
10/24/2023 08:30:00 PM,221
10/24/2023 08:15:00 PM,293
10/24/2023 08:00:00 PM,288
10/24/2023 07:45:00 PM,280
10/24/2023 07:30:00 PM,297
10/24/2023 07:15:00 PM,313
10/24/2023 07:00:00 PM,323
10/24/2023 06:45:00 PM,341
10/24/2023 06:30:00 PM,357
10/24/2023 06:15:00 PM,393
10/24/2023 06:00:00 PM,371
10/24/2023 05:45:00 PM,372
10/24/2023 05:30:00 PM,346
10/24/2023 05:15:00 PM,397
10/24/2023 05:00:00 PM,390
10/24/2023 04:45:00 PM,395
10/24/2023 04:30:00 PM,348
10/24/2023 04:15:00 PM,374
10/24/2023 04:00:00 PM,366
10/24/2023 03:45:00 PM,359
10/24/2023 03:30:00 PM,351
10/24/2023 03:15:00 PM,352
10/24/2023 03:00:00 PM,360
10/24/2023 02:45:00 PM,318
10/24/2023 02:30:00 PM,342
10/24/2023 02:15:00 PM,345
10/24/2023 02:00:00 PM,332
10/24/2023 01:45:00 PM,351
10/24/2023 01:30:00 PM,304
10/24/2023 01:15:00 PM,322
10/24/2023 01:00:00 PM,308
10/24/2023 12:45:00 PM,335
10/24/2023 12:30:00 PM,299
10/24/2023 12:15:00 PM,334
10/24/2023 12:00:00 PM,300
10/24/2023 11:45:00 AM,293
10/24/2023 11:30:00 AM,292
10/24/2023 11:15:00 AM,295
10/24/2023 11:00:00 AM,293
10/24/2023 10:45:00 AM,303
10/24/2023 10:30:00 AM,320
10/24/2023 10:15:00 AM,277
10/24/2023 10:00:00 AM,345
10/24/2023 09:45:00 AM,358
10/24/2023 09:30:00 AM,337
10/24/2023 09:15:00 AM,367
10/24/2023 09:00:00 AM,334
10/24/2023 08:45:00 AM,345
10/24/2023 08:30:00 AM,330
10/24/2023 08:15:00 AM,353
10/24/2023 08:00:00 AM,318
10/24/2023 07:45:00 AM,283
10/24/2023 07:30:00 AM,251
10/24/2023 07:15:00 AM,173
10/24/2023 07:00:00 AM,157
10/24/2023 06:45:00 AM,125
10/24/2023 06:30:00 AM,91
10/24/2023 06:15:00 AM,78
10/24/2023 06:00:00 AM,69
10/24/2023 05:45:00 AM,57
10/24/2023 05:30:00 AM,32
10/24/2023 05:15:00 AM,41
10/24/2023 05:00:00 AM,35
10/24/2023 04:45:00 AM,34
10/24/2023 04:30:00 AM,25
10/24/2023 04:15:00 AM,23
10/24/2023 04:00:00 AM,13
10/24/2023 03:45:00 AM,10
10/24/2023 03:30:00 AM,13
10/24/2023 03:15:00 AM,9
10/24/2023 03:00:00 AM,16
10/24/2023 02:45:00 AM,12
10/24/2023 02:30:00 AM,13
10/24/2023 02:15:00 AM,12
10/24/2023 02:00:00 AM,27
10/24/2023 01:45:00 AM,19
10/24/2023 01:30:00 AM,20
10/24/2023 01:15:00 AM,33
10/24/2023 01:00:00 AM,35
10/24/2023 12:45:00 AM,31
10/24/2023 12:30:00 AM,41
10/24/2023 12:15:00 AM,57
10/24/2023 12:00:00 AM,85
10/23/2023 11:45:00 PM,68
10/23/2023 11:30:00 PM,76
10/23/2023 11:15:00 PM,90
10/23/2023 11:00:00 PM,110
10/23/2023 10:45:00 PM,94
10/23/2023 10:30:00 PM,109
10/23/2023 10:15:00 PM,107
10/23/2023 10:00:00 PM,166
10/23/2023 09:45:00 PM,182
10/23/2023 09:30:00 PM,184
10/23/2023 09:15:00 PM,180
10/23/2023 09:00:00 PM,175
10/23/2023 08:45:00 PM,232
10/23/2023 08:30:00 PM,247
10/23/2023 08:15:00 PM,258
10/23/2023 08:00:00 PM,256
10/23/2023 07:45:00 PM,277
10/23/2023 07:30:00 PM,269
10/23/2023 07:15:00 PM,273
10/23/2023 07:00:00 PM,308
10/23/2023 06:45:00 PM,285
10/23/2023 06:30:00 PM,301
10/23/2023 06:15:00 PM,321
10/23/2023 06:00:00 PM,314
10/23/2023 05:45:00 PM,318
10/23/2023 05:30:00 PM,356
10/23/2023 05:15:00 PM,375
10/23/2023 05:00:00 PM,351
10/23/2023 04:45:00 PM,309
10/23/2023 04:30:00 PM,332
10/23/2023 04:15:00 PM,326
10/23/2023 04:00:00 PM,329
10/23/2023 03:45:00 PM,306
10/23/2023 03:30:00 PM,304
10/23/2023 03:15:00 PM,363
10/23/2023 03:00:00 PM,350
10/23/2023 02:45:00 PM,335
10/23/2023 02:30:00 PM,335
10/23/2023 02:15:00 PM,323
10/23/2023 02:00:00 PM,309
10/23/2023 01:45:00 PM,311
10/23/2023 01:30:00 PM,339
10/23/2023 01:15:00 PM,330
10/23/2023 01:00:00 PM,360
10/23/2023 12:45:00 PM,317
10/23/2023 12:30:00 PM,308
10/23/2023 12:15:00 PM,320
10/23/2023 12:00:00 PM,362
10/23/2023 11:45:00 AM,302
10/23/2023 11:30:00 AM,317
10/23/2023 11:15:00 AM,292
10/23/2023 11:00:00 AM,283
10/23/2023 10:45:00 AM,289
10/23/2023 10:30:00 AM,298
10/23/2023 10:15:00 AM,300
10/23/2023 10:00:00 AM,344
10/23/2023 09:45:00 AM,342
10/23/2023 09:30:00 AM,318
10/23/2023 09:15:00 AM,292
10/23/2023 09:00:00 AM,281
10/23/2023 08:45:00 AM,309
10/23/2023 08:30:00 AM,293
10/23/2023 08:15:00 AM,290
10/23/2023 08:00:00 AM,284
10/23/2023 07:45:00 AM,235
10/23/2023 07:30:00 AM,226
10/23/2023 07:15:00 AM,180
10/23/2023 07:00:00 AM,147
10/23/2023 06:45:00 AM,127
10/23/2023 06:30:00 AM,138
10/23/2023 06:15:00 AM,99
10/23/2023 06:00:00 AM,97
10/23/2023 05:45:00 AM,73
10/23/2023 05:30:00 AM,60
10/23/2023 05:15:00 AM,57
10/23/2023 05:00:00 AM,39
10/23/2023 04:45:00 AM,44
10/23/2023 04:30:00 AM,36
10/23/2023 04:15:00 AM,34
10/23/2023 04:00:00 AM,23
10/23/2023 03:45:00 AM,22
10/23/2023 03:30:00 AM,18
10/23/2023 03:15:00 AM,13
10/23/2023 03:00:00 AM,17
10/23/2023 02:45:00 AM,15
10/23/2023 02:30:00 AM,18
10/23/2023 02:15:00 AM,17
10/23/2023 02:00:00 AM,15
10/23/2023 01:45:00 AM,20
10/23/2023 01:30:00 AM,31
10/23/2023 01:15:00 AM,53
10/23/2023 01:00:00 AM,48
10/23/2023 12:45:00 AM,70
10/23/2023 12:30:00 AM,81
10/23/2023 12:15:00 AM,107
10/23/2023 12:00:00 AM,101
10/22/2023 11:45:00 PM,88
10/22/2023 11:30:00 PM,101
10/22/2023 11:15:00 PM,125
10/22/2023 11:00:00 PM,110
10/22/2023 10:45:00 PM,106
10/22/2023 10:30:00 PM,113
10/22/2023 10:15:00 PM,112
10/22/2023 10:00:00 PM,142
10/22/2023 09:45:00 PM,135
10/22/2023 09:30:00 PM,150
10/22/2023 09:15:00 PM,182
10/22/2023 09:00:00 PM,179
10/22/2023 08:45:00 PM,214
10/22/2023 08:30:00 PM,198
10/22/2023 08:15:00 PM,243
10/22/2023 08:00:00 PM,245
10/22/2023 07:45:00 PM,222
10/22/2023 07:30:00 PM,227
10/22/2023 07:15:00 PM,233
10/22/2023 07:00:00 PM,192
10/22/2023 06:45:00 PM,247
10/22/2023 06:30:00 PM,231
10/22/2023 06:15:00 PM,214
10/22/2023 06:00:00 PM,250
10/22/2023 05:45:00 PM,262
10/22/2023 05:30:00 PM,288
10/22/2023 05:15:00 PM,287
10/22/2023 05:00:00 PM,275
10/22/2023 04:45:00 PM,244
10/22/2023 04:30:00 PM,259
10/22/2023 04:15:00 PM,275
10/22/2023 04:00:00 PM,308
10/22/2023 03:45:00 PM,282
10/22/2023 03:30:00 PM,241
10/22/2023 03:15:00 PM,284
10/22/2023 03:00:00 PM,278
10/22/2023 02:45:00 PM,284
10/22/2023 02:30:00 PM,243
10/22/2023 02:15:00 PM,279
10/22/2023 02:00:00 PM,244
10/22/2023 01:45:00 PM,251
10/22/2023 01:30:00 PM,252
10/22/2023 01:15:00 PM,245
10/22/2023 01:00:00 PM,266
10/22/2023 12:45:00 PM,241
10/22/2023 12:30:00 PM,240
10/22/2023 12:15:00 PM,261
10/22/2023 12:00:00 PM,259
10/22/2023 11:45:00 AM,281
10/22/2023 11:30:00 AM,236
10/22/2023 11:15:00 AM,243
10/22/2023 11:00:00 AM,258
10/22/2023 10:45:00 AM,244
10/22/2023 10:30:00 AM,247
10/22/2023 10:15:00 AM,228
10/22/2023 10:00:00 AM,249
10/22/2023 09:45:00 AM,214
10/22/2023 09:30:00 AM,170
10/22/2023 09:15:00 AM,177
10/22/2023 09:00:00 AM,154
10/22/2023 08:45:00 AM,136
10/22/2023 08:30:00 AM,139
10/22/2023 08:15:00 AM,109
10/22/2023 08:00:00 AM,110
10/22/2023 07:45:00 AM,114
10/22/2023 07:30:00 AM,78
10/22/2023 07:15:00 AM,73
10/22/2023 07:00:00 AM,92
10/22/2023 06:45:00 AM,69
10/22/2023 06:30:00 AM,77
10/22/2023 06:15:00 AM,53
10/22/2023 06:00:00 AM,49
10/22/2023 05:45:00 AM,47
10/22/2023 05:30:00 AM,41
10/22/2023 05:15:00 AM,39
10/22/2023 05:00:00 AM,57
10/22/2023 04:45:00 AM,39
10/22/2023 04:30:00 AM,46
10/22/2023 04:15:00 AM,39
10/22/2023 04:00:00 AM,31
10/22/2023 03:45:00 AM,32
10/22/2023 03:30:00 AM,33
10/22/2023 03:15:00 AM,38
10/22/2023 03:00:00 AM,47
10/22/2023 02:45:00 AM,61
10/22/2023 02:30:00 AM,57
10/22/2023 02:15:00 AM,50
10/22/2023 02:00:00 AM,54
10/22/2023 01:45:00 AM,51
10/22/2023 01:30:00 AM,78
10/22/2023 01:15:00 AM,85
10/22/2023 01:00:00 AM,92
10/22/2023 12:45:00 AM,101
10/22/2023 12:30:00 AM,102
10/22/2023 12:15:00 AM,121
10/22/2023 12:00:00 AM,112
10/21/2023 11:45:00 PM,141
10/21/2023 11:30:00 PM,116
10/21/2023 11:15:00 PM,139
10/21/2023 11:00:00 PM,134
10/21/2023 10:45:00 PM,163
10/21/2023 10:30:00 PM,171
10/21/2023 10:15:00 PM,163
10/21/2023 10:00:00 PM,181
10/21/2023 09:45:00 PM,150
10/21/2023 09:30:00 PM,171
10/21/2023 09:15:00 PM,158
10/21/2023 09:00:00 PM,155
10/21/2023 08:45:00 PM,205
10/21/2023 08:30:00 PM,203
10/21/2023 08:15:00 PM,212
10/21/2023 08:00:00 PM,221
10/21/2023 07:45:00 PM,240
10/21/2023 07:30:00 PM,231
10/21/2023 07:15:00 PM,217
10/21/2023 07:00:00 PM,210
10/21/2023 06:45:00 PM,266
10/21/2023 06:30:00 PM,281
10/21/2023 06:15:00 PM,250
10/21/2023 06:00:00 PM,240
10/21/2023 05:45:00 PM,264
10/21/2023 05:30:00 PM,258
10/21/2023 05:15:00 PM,273
10/21/2023 05:00:00 PM,295
10/21/2023 04:45:00 PM,271
10/21/2023 04:30:00 PM,274
10/21/2023 04:15:00 PM,242
10/21/2023 04:00:00 PM,258
10/21/2023 03:45:00 PM,278
10/21/2023 03:30:00 PM,267
10/21/2023 03:15:00 PM,211
10/21/2023 03:00:00 PM,270
10/21/2023 02:45:00 PM,250
10/21/2023 02:30:00 PM,263
10/21/2023 02:15:00 PM,264
10/21/2023 02:00:00 PM,244
10/21/2023 01:45:00 PM,253
10/21/2023 01:30:00 PM,234
10/21/2023 01:15:00 PM,230
10/21/2023 01:00:00 PM,229
10/21/2023 12:45:00 PM,256
10/21/2023 12:30:00 PM,217
10/21/2023 12:15:00 PM,229
10/21/2023 12:00:00 PM,200
10/21/2023 11:45:00 AM,220
10/21/2023 11:30:00 AM,213
10/21/2023 11:15:00 AM,213
10/21/2023 11:00:00 AM,213
10/21/2023 10:45:00 AM,221
10/21/2023 10:30:00 AM,192
10/21/2023 10:15:00 AM,189
10/21/2023 10:00:00 AM,205
10/21/2023 09:45:00 AM,181
10/21/2023 09:30:00 AM,145
10/21/2023 09:15:00 AM,106
10/21/2023 09:00:00 AM,117
10/21/2023 08:45:00 AM,122
10/21/2023 08:30:00 AM,106
10/21/2023 08:15:00 AM,94
10/21/2023 08:00:00 AM,87
10/21/2023 07:45:00 AM,82
10/21/2023 07:30:00 AM,69
10/21/2023 07:15:00 AM,58
10/21/2023 07:00:00 AM,60
10/21/2023 06:45:00 AM,44
10/21/2023 06:30:00 AM,42
10/21/2023 06:15:00 AM,40
10/21/2023 06:00:00 AM,41
10/21/2023 05:45:00 AM,35
10/21/2023 05:30:00 AM,35
10/21/2023 05:15:00 AM,42
10/21/2023 05:00:00 AM,31
10/21/2023 04:45:00 AM,26
10/21/2023 04:30:00 AM,30
10/21/2023 04:15:00 AM,32
10/21/2023 04:00:00 AM,22
10/21/2023 03:45:00 AM,35
10/21/2023 03:30:00 AM,38
10/21/2023 03:15:00 AM,29
10/21/2023 03:00:00 AM,33
10/21/2023 02:45:00 AM,26
10/21/2023 02:30:00 AM,34
10/21/2023 02:15:00 AM,48
10/21/2023 02:00:00 AM,59
10/21/2023 01:45:00 AM,73
10/21/2023 01:30:00 AM,57
10/21/2023 01:15:00 AM,74
10/21/2023 01:00:00 AM,66
10/21/2023 12:45:00 AM,88
10/21/2023 12:30:00 AM,98
10/21/2023 12:15:00 AM,118
10/21/2023 12:00:00 AM,114
10/20/2023 11:45:00 PM,118
10/20/2023 11:30:00 PM,113
10/20/2023 11:15:00 PM,148
10/20/2023 11:00:00 PM,142
10/20/2023 10:45:00 PM,140
10/20/2023 10:30:00 PM,147
10/20/2023 10:15:00 PM,131
10/20/2023 10:00:00 PM,157
10/20/2023 09:45:00 PM,170
10/20/2023 09:30:00 PM,174
10/20/2023 09:15:00 PM,210
10/20/2023 09:00:00 PM,204
10/20/2023 08:45:00 PM,262
10/20/2023 08:30:00 PM,228
10/20/2023 08:15:00 PM,250
10/20/2023 08:00:00 PM,279
10/20/2023 07:45:00 PM,308
10/20/2023 07:30:00 PM,309
10/20/2023 07:15:00 PM,328
10/20/2023 07:00:00 PM,396
10/20/2023 06:45:00 PM,370
10/20/2023 06:30:00 PM,371
10/20/2023 06:15:00 PM,361
10/20/2023 06:00:00 PM,385
10/20/2023 05:45:00 PM,322
10/20/2023 05:30:00 PM,355
10/20/2023 05:15:00 PM,356
10/20/2023 05:00:00 PM,328
10/20/2023 04:45:00 PM,314
10/20/2023 04:30:00 PM,287
10/20/2023 04:15:00 PM,361
10/20/2023 04:00:00 PM,346
10/20/2023 03:45:00 PM,347
10/20/2023 03:30:00 PM,319
10/20/2023 03:15:00 PM,315
10/20/2023 03:00:00 PM,380
10/20/2023 02:45:00 PM,356
10/20/2023 02:30:00 PM,315
10/20/2023 02:15:00 PM,347
10/20/2023 02:00:00 PM,356
10/20/2023 01:45:00 PM,349
10/20/2023 01:30:00 PM,312
10/20/2023 01:15:00 PM,300
10/20/2023 01:00:00 PM,304
10/20/2023 12:45:00 PM,294
10/20/2023 12:30:00 PM,324
10/20/2023 12:15:00 PM,297
10/20/2023 12:00:00 PM,323
10/20/2023 11:45:00 AM,334
10/20/2023 11:30:00 AM,326
10/20/2023 11:15:00 AM,277
10/20/2023 11:00:00 AM,318
10/20/2023 10:45:00 AM,259
10/20/2023 10:30:00 AM,284
10/20/2023 10:15:00 AM,263
10/20/2023 10:00:00 AM,253
10/20/2023 09:45:00 AM,276
10/20/2023 09:30:00 AM,263
10/20/2023 09:15:00 AM,256
10/20/2023 09:00:00 AM,223
10/20/2023 08:45:00 AM,204
10/20/2023 08:30:00 AM,234
10/20/2023 08:15:00 AM,193
10/20/2023 08:00:00 AM,236
10/20/2023 07:45:00 AM,219
10/20/2023 07:30:00 AM,208
10/20/2023 07:15:00 AM,161
10/20/2023 07:00:00 AM,111
10/20/2023 06:45:00 AM,121
10/20/2023 06:30:00 AM,132
10/20/2023 06:15:00 AM,100
10/20/2023 06:00:00 AM,89
10/20/2023 05:45:00 AM,61
10/20/2023 05:30:00 AM,66
10/20/2023 05:15:00 AM,53
10/20/2023 05:00:00 AM,49
10/20/2023 04:45:00 AM,32
10/20/2023 04:30:00 AM,41
10/20/2023 04:15:00 AM,27
10/20/2023 04:00:00 AM,26
10/20/2023 03:45:00 AM,16
10/20/2023 03:30:00 AM,19
10/20/2023 03:15:00 AM,17
10/20/2023 03:00:00 AM,14
10/20/2023 02:45:00 AM,12
10/20/2023 02:30:00 AM,21
10/20/2023 02:15:00 AM,20
10/20/2023 02:00:00 AM,26
10/20/2023 01:45:00 AM,24
10/20/2023 01:30:00 AM,34
10/20/2023 01:15:00 AM,64
10/20/2023 01:00:00 AM,61
10/20/2023 12:45:00 AM,87
10/20/2023 12:30:00 AM,63
10/20/2023 12:15:00 AM,115
10/20/2023 12:00:00 AM,124
10/19/2023 11:45:00 PM,95
10/19/2023 11:30:00 PM,91
10/19/2023 11:15:00 PM,125
10/19/2023 11:00:00 PM,146
10/19/2023 10:45:00 PM,155
10/19/2023 10:30:00 PM,178
10/19/2023 10:15:00 PM,159
10/19/2023 10:00:00 PM,185
10/19/2023 09:45:00 PM,224
10/19/2023 09:30:00 PM,245
10/19/2023 09:15:00 PM,243
10/19/2023 09:00:00 PM,279
10/19/2023 08:45:00 PM,260
10/19/2023 08:30:00 PM,287
10/19/2023 08:15:00 PM,308
10/19/2023 08:00:00 PM,356
10/19/2023 07:45:00 PM,307
10/19/2023 07:30:00 PM,367
10/19/2023 07:15:00 PM,404
10/19/2023 07:00:00 PM,407
10/19/2023 06:45:00 PM,406
10/19/2023 06:30:00 PM,371
10/19/2023 06:15:00 PM,422
10/19/2023 06:00:00 PM,399
10/19/2023 05:45:00 PM,423
10/19/2023 05:30:00 PM,402
10/19/2023 05:15:00 PM,425
10/19/2023 05:00:00 PM,403
10/19/2023 04:45:00 PM,414
10/19/2023 04:30:00 PM,354
10/19/2023 04:15:00 PM,355
10/19/2023 04:00:00 PM,386
10/19/2023 03:45:00 PM,354
10/19/2023 03:30:00 PM,387
10/19/2023 03:15:00 PM,382
10/19/2023 03:00:00 PM,392
10/19/2023 02:45:00 PM,395
10/19/2023 02:30:00 PM,328
10/19/2023 02:15:00 PM,344
10/19/2023 02:00:00 PM,328
10/19/2023 01:45:00 PM,352
10/19/2023 01:30:00 PM,304
10/19/2023 01:15:00 PM,340
10/19/2023 01:00:00 PM,324
10/19/2023 12:45:00 PM,338
10/19/2023 12:30:00 PM,322
10/19/2023 12:15:00 PM,318
10/19/2023 12:00:00 PM,322
10/19/2023 11:45:00 AM,347
10/19/2023 11:30:00 AM,336
10/19/2023 11:15:00 AM,260
10/19/2023 11:00:00 AM,302
10/19/2023 10:45:00 AM,295
10/19/2023 10:30:00 AM,274
10/19/2023 10:15:00 AM,269
10/19/2023 10:00:00 AM,327
10/19/2023 09:45:00 AM,315
10/19/2023 09:30:00 AM,301
10/19/2023 09:15:00 AM,306
10/19/2023 09:00:00 AM,338
10/19/2023 08:45:00 AM,289
10/19/2023 08:30:00 AM,307
10/19/2023 08:15:00 AM,289
10/19/2023 08:00:00 AM,271
10/19/2023 07:45:00 AM,245
10/19/2023 07:30:00 AM,233
10/19/2023 07:15:00 AM,187
10/19/2023 07:00:00 AM,201
10/19/2023 06:45:00 AM,145
10/19/2023 06:30:00 AM,123
10/19/2023 06:15:00 AM,95
10/19/2023 06:00:00 AM,64
10/19/2023 05:45:00 AM,71
10/19/2023 05:30:00 AM,68
10/19/2023 05:15:00 AM,47
10/19/2023 05:00:00 AM,39
10/19/2023 04:45:00 AM,36
10/19/2023 04:30:00 AM,29
10/19/2023 04:15:00 AM,19
10/19/2023 04:00:00 AM,24
10/19/2023 03:45:00 AM,20
10/19/2023 03:30:00 AM,13
10/19/2023 03:15:00 AM,15
10/19/2023 03:00:00 AM,16
10/19/2023 02:45:00 AM,10
10/19/2023 02:30:00 AM,11
10/19/2023 02:15:00 AM,14
10/19/2023 02:00:00 AM,18
10/19/2023 01:45:00 AM,14
10/19/2023 01:30:00 AM,28
10/19/2023 01:15:00 AM,40
10/19/2023 01:00:00 AM,39
10/19/2023 12:45:00 AM,53
10/19/2023 12:30:00 AM,63
10/19/2023 12:15:00 AM,85
10/19/2023 12:00:00 AM,96
10/18/2023 11:45:00 PM,114
10/18/2023 11:30:00 PM,110
10/18/2023 11:15:00 PM,125
10/18/2023 11:00:00 PM,138
10/18/2023 10:45:00 PM,130
10/18/2023 10:30:00 PM,155
10/18/2023 10:15:00 PM,137
10/18/2023 10:00:00 PM,159
10/18/2023 09:45:00 PM,171
10/18/2023 09:30:00 PM,179
10/18/2023 09:15:00 PM,240
10/18/2023 09:00:00 PM,251
10/18/2023 08:45:00 PM,258
10/18/2023 08:30:00 PM,291
10/18/2023 08:15:00 PM,311
10/18/2023 08:00:00 PM,275
10/18/2023 07:45:00 PM,311
10/18/2023 07:30:00 PM,308
10/18/2023 07:15:00 PM,357
10/18/2023 07:00:00 PM,340
10/18/2023 06:45:00 PM,363
10/18/2023 06:30:00 PM,341
10/18/2023 06:15:00 PM,357
10/18/2023 06:00:00 PM,363
10/18/2023 05:45:00 PM,395
10/18/2023 05:30:00 PM,403
10/18/2023 05:15:00 PM,394
10/18/2023 05:00:00 PM,407
10/18/2023 04:45:00 PM,355
10/18/2023 04:30:00 PM,359
10/18/2023 04:15:00 PM,395
10/18/2023 04:00:00 PM,366
10/18/2023 03:45:00 PM,377
10/18/2023 03:30:00 PM,355
10/18/2023 03:15:00 PM,408
10/18/2023 03:00:00 PM,396
10/18/2023 02:45:00 PM,349
10/18/2023 02:30:00 PM,381
10/18/2023 02:15:00 PM,357
10/18/2023 02:00:00 PM,359
10/18/2023 01:45:00 PM,347
10/18/2023 01:30:00 PM,359
10/18/2023 01:15:00 PM,389
10/18/2023 01:00:00 PM,386
10/18/2023 12:45:00 PM,338
10/18/2023 12:30:00 PM,320
10/18/2023 12:15:00 PM,311
10/18/2023 12:00:00 PM,350
10/18/2023 11:45:00 AM,343
10/18/2023 11:30:00 AM,352
10/18/2023 11:15:00 AM,329
10/18/2023 11:00:00 AM,337
10/18/2023 10:45:00 AM,342
10/18/2023 10:30:00 AM,263
10/18/2023 10:15:00 AM,296
10/18/2023 10:00:00 AM,318
10/18/2023 09:45:00 AM,327
10/18/2023 09:30:00 AM,307
10/18/2023 09:15:00 AM,292
10/18/2023 09:00:00 AM,359
10/18/2023 08:45:00 AM,330
10/18/2023 08:30:00 AM,325
10/18/2023 08:15:00 AM,320
10/18/2023 08:00:00 AM,315
10/18/2023 07:45:00 AM,280
10/18/2023 07:30:00 AM,263
10/18/2023 07:15:00 AM,185
10/18/2023 07:00:00 AM,184
10/18/2023 06:45:00 AM,141
10/18/2023 06:30:00 AM,124
10/18/2023 06:15:00 AM,91
10/18/2023 06:00:00 AM,69
10/18/2023 05:45:00 AM,69
10/18/2023 05:30:00 AM,39
10/18/2023 05:15:00 AM,44
10/18/2023 05:00:00 AM,38
10/18/2023 04:45:00 AM,31
10/18/2023 04:30:00 AM,20
10/18/2023 04:15:00 AM,19
10/18/2023 04:00:00 AM,10
10/18/2023 03:45:00 AM,12
10/18/2023 03:30:00 AM,12
10/18/2023 03:15:00 AM,15
10/18/2023 03:00:00 AM,16
10/18/2023 02:45:00 AM,12
10/18/2023 02:30:00 AM,9
10/18/2023 02:15:00 AM,16
10/18/2023 02:00:00 AM,16
10/18/2023 01:45:00 AM,12
10/18/2023 01:30:00 AM,26
10/18/2023 01:15:00 AM,27
10/18/2023 01:00:00 AM,39
10/18/2023 12:45:00 AM,35
10/18/2023 12:30:00 AM,31
10/18/2023 12:15:00 AM,47
10/18/2023 12:00:00 AM,82
10/17/2023 11:45:00 PM,74
10/17/2023 11:30:00 PM,63
10/17/2023 11:15:00 PM,81
10/17/2023 11:00:00 PM,88
10/17/2023 10:45:00 PM,102
10/17/2023 10:30:00 PM,154
10/17/2023 10:15:00 PM,130
10/17/2023 10:00:00 PM,151
10/17/2023 09:45:00 PM,202
10/17/2023 09:30:00 PM,142
10/17/2023 09:15:00 PM,176
10/17/2023 09:00:00 PM,159
10/17/2023 08:45:00 PM,248
10/17/2023 08:30:00 PM,243
10/17/2023 08:15:00 PM,240
10/17/2023 08:00:00 PM,274
10/17/2023 07:45:00 PM,236
10/17/2023 07:30:00 PM,325
10/17/2023 07:15:00 PM,352
10/17/2023 07:00:00 PM,368
10/17/2023 06:45:00 PM,352
10/17/2023 06:30:00 PM,371
10/17/2023 06:15:00 PM,362
10/17/2023 06:00:00 PM,375
10/17/2023 05:45:00 PM,376
10/17/2023 05:30:00 PM,352
10/17/2023 05:15:00 PM,404
10/17/2023 05:00:00 PM,354
10/17/2023 04:45:00 PM,346
10/17/2023 04:30:00 PM,343
10/17/2023 04:15:00 PM,332
10/17/2023 04:00:00 PM,355
10/17/2023 03:45:00 PM,304
10/17/2023 03:30:00 PM,345
10/17/2023 03:15:00 PM,357
10/17/2023 03:00:00 PM,374
10/17/2023 02:45:00 PM,335
10/17/2023 02:30:00 PM,358
10/17/2023 02:15:00 PM,360
10/17/2023 02:00:00 PM,373
10/17/2023 01:45:00 PM,318
10/17/2023 01:30:00 PM,355
10/17/2023 01:15:00 PM,285
10/17/2023 01:00:00 PM,313
10/17/2023 12:45:00 PM,334
10/17/2023 12:30:00 PM,251
10/17/2023 12:15:00 PM,288
10/17/2023 12:00:00 PM,354
10/17/2023 11:45:00 AM,307
10/17/2023 11:30:00 AM,329
10/17/2023 11:15:00 AM,344
10/17/2023 11:00:00 AM,294
10/17/2023 10:45:00 AM,291
10/17/2023 10:30:00 AM,310
10/17/2023 10:15:00 AM,297
10/17/2023 10:00:00 AM,316
10/17/2023 09:45:00 AM,334
10/17/2023 09:30:00 AM,333
10/17/2023 09:15:00 AM,320
10/17/2023 09:00:00 AM,342
10/17/2023 08:45:00 AM,322
10/17/2023 08:30:00 AM,291
10/17/2023 08:15:00 AM,284
10/17/2023 08:00:00 AM,275
10/17/2023 07:45:00 AM,255
10/17/2023 07:30:00 AM,259
10/17/2023 07:15:00 AM,185
10/17/2023 07:00:00 AM,172
10/17/2023 06:45:00 AM,134
10/17/2023 06:30:00 AM,94
10/17/2023 06:15:00 AM,81
10/17/2023 06:00:00 AM,52
10/17/2023 05:45:00 AM,47
10/17/2023 05:30:00 AM,36
10/17/2023 05:15:00 AM,45
10/17/2023 05:00:00 AM,36
10/17/2023 04:45:00 AM,37
10/17/2023 04:30:00 AM,18
10/17/2023 04:15:00 AM,13
10/17/2023 04:00:00 AM,12
10/17/2023 03:45:00 AM,16
10/17/2023 03:30:00 AM,12
10/17/2023 03:15:00 AM,11
10/17/2023 03:00:00 AM,8
10/17/2023 02:45:00 AM,8
10/17/2023 02:30:00 AM,15
10/17/2023 02:15:00 AM,6
10/17/2023 02:00:00 AM,14
10/17/2023 01:45:00 AM,24
10/17/2023 01:30:00 AM,17
10/17/2023 01:15:00 AM,32
10/17/2023 01:00:00 AM,32
10/17/2023 12:45:00 AM,34
10/17/2023 12:30:00 AM,43
10/17/2023 12:15:00 AM,85
10/17/2023 12:00:00 AM,83
10/16/2023 11:45:00 PM,73
10/16/2023 11:30:00 PM,68
10/16/2023 11:15:00 PM,94
10/16/2023 11:00:00 PM,75
10/16/2023 10:45:00 PM,100
10/16/2023 10:30:00 PM,103
10/16/2023 10:15:00 PM,101
10/16/2023 10:00:00 PM,130
10/16/2023 09:45:00 PM,166
10/16/2023 09:30:00 PM,149
10/16/2023 09:15:00 PM,182
10/16/2023 09:00:00 PM,187
10/16/2023 08:45:00 PM,186
10/16/2023 08:30:00 PM,244
10/16/2023 08:15:00 PM,285
10/16/2023 08:00:00 PM,267
10/16/2023 07:45:00 PM,249
10/16/2023 07:30:00 PM,274
10/16/2023 07:15:00 PM,304
10/16/2023 07:00:00 PM,283
10/16/2023 06:45:00 PM,270
10/16/2023 06:30:00 PM,308
10/16/2023 06:15:00 PM,277
10/16/2023 06:00:00 PM,281
10/16/2023 05:45:00 PM,333
10/16/2023 05:30:00 PM,337
10/16/2023 05:15:00 PM,331
10/16/2023 05:00:00 PM,324
10/16/2023 04:45:00 PM,353
10/16/2023 04:30:00 PM,334
10/16/2023 04:15:00 PM,327
10/16/2023 04:00:00 PM,310
10/16/2023 03:45:00 PM,305
10/16/2023 03:30:00 PM,338
10/16/2023 03:15:00 PM,342
10/16/2023 03:00:00 PM,364
10/16/2023 02:45:00 PM,347
10/16/2023 02:30:00 PM,291
10/16/2023 02:15:00 PM,345
10/16/2023 02:00:00 PM,314
10/16/2023 01:45:00 PM,327
10/16/2023 01:30:00 PM,337
10/16/2023 01:15:00 PM,314
10/16/2023 01:00:00 PM,346
10/16/2023 12:45:00 PM,323
10/16/2023 12:30:00 PM,269
10/16/2023 12:15:00 PM,322
10/16/2023 12:00:00 PM,298
10/16/2023 11:45:00 AM,342
10/16/2023 11:30:00 AM,319
10/16/2023 11:15:00 AM,304
10/16/2023 11:00:00 AM,275
10/16/2023 10:45:00 AM,310
10/16/2023 10:30:00 AM,294
10/16/2023 10:15:00 AM,315
10/16/2023 10:00:00 AM,333
10/16/2023 09:45:00 AM,321
10/16/2023 09:30:00 AM,294
10/16/2023 09:15:00 AM,318
10/16/2023 09:00:00 AM,288
10/16/2023 08:45:00 AM,276
10/16/2023 08:30:00 AM,293
10/16/2023 08:15:00 AM,284
10/16/2023 08:00:00 AM,279
10/16/2023 07:45:00 AM,200
10/16/2023 07:30:00 AM,195
10/16/2023 07:15:00 AM,167
10/16/2023 07:00:00 AM,190
10/16/2023 06:45:00 AM,167
10/16/2023 06:30:00 AM,133
10/16/2023 06:15:00 AM,91
10/16/2023 06:00:00 AM,82
10/16/2023 05:45:00 AM,57
10/16/2023 05:30:00 AM,62
10/16/2023 05:15:00 AM,61
10/16/2023 05:00:00 AM,42
10/16/2023 04:45:00 AM,32
10/16/2023 04:30:00 AM,36
10/16/2023 04:15:00 AM,29
10/16/2023 04:00:00 AM,28
10/16/2023 03:45:00 AM,21
10/16/2023 03:30:00 AM,13
10/16/2023 03:15:00 AM,16
10/16/2023 03:00:00 AM,13
10/16/2023 02:45:00 AM,17
10/16/2023 02:30:00 AM,18
10/16/2023 02:15:00 AM,21
10/16/2023 02:00:00 AM,34
10/16/2023 01:45:00 AM,31
10/16/2023 01:30:00 AM,34
10/16/2023 01:15:00 AM,59
10/16/2023 01:00:00 AM,65
10/16/2023 12:45:00 AM,70
10/16/2023 12:30:00 AM,76
10/16/2023 12:15:00 AM,96
10/16/2023 12:00:00 AM,129
10/15/2023 11:45:00 PM,85
10/15/2023 11:30:00 PM,100
10/15/2023 11:15:00 PM,95
10/15/2023 11:00:00 PM,104
10/15/2023 10:45:00 PM,118
10/15/2023 10:30:00 PM,120
10/15/2023 10:15:00 PM,104
10/15/2023 10:00:00 PM,123
10/15/2023 09:45:00 PM,147
10/15/2023 09:30:00 PM,152
10/15/2023 09:15:00 PM,139
10/15/2023 09:00:00 PM,177
10/15/2023 08:45:00 PM,206
10/15/2023 08:30:00 PM,195
10/15/2023 08:15:00 PM,199
10/15/2023 08:00:00 PM,211
10/15/2023 07:45:00 PM,210
10/15/2023 07:30:00 PM,202
10/15/2023 07:15:00 PM,210
10/15/2023 07:00:00 PM,254
10/15/2023 06:45:00 PM,235
10/15/2023 06:30:00 PM,242
10/15/2023 06:15:00 PM,220
10/15/2023 06:00:00 PM,240
10/15/2023 05:45:00 PM,267
10/15/2023 05:30:00 PM,234
10/15/2023 05:15:00 PM,274
10/15/2023 05:00:00 PM,274
10/15/2023 04:45:00 PM,276
10/15/2023 04:30:00 PM,261
10/15/2023 04:15:00 PM,254
10/15/2023 04:00:00 PM,261
10/15/2023 03:45:00 PM,273
10/15/2023 03:30:00 PM,243
10/15/2023 03:15:00 PM,248
10/15/2023 03:00:00 PM,289
10/15/2023 02:45:00 PM,263
10/15/2023 02:30:00 PM,234
10/15/2023 02:15:00 PM,256
10/15/2023 02:00:00 PM,253
10/15/2023 01:45:00 PM,228
10/15/2023 01:30:00 PM,232
10/15/2023 01:15:00 PM,238
10/15/2023 01:00:00 PM,228
10/15/2023 12:45:00 PM,213
10/15/2023 12:30:00 PM,223
10/15/2023 12:15:00 PM,259
10/15/2023 12:00:00 PM,261
10/15/2023 11:45:00 AM,266
10/15/2023 11:30:00 AM,256
10/15/2023 11:15:00 AM,250
10/15/2023 11:00:00 AM,240
10/15/2023 10:45:00 AM,254
10/15/2023 10:30:00 AM,264
10/15/2023 10:15:00 AM,236
10/15/2023 10:00:00 AM,217
10/15/2023 09:45:00 AM,229
10/15/2023 09:30:00 AM,164
10/15/2023 09:15:00 AM,133
10/15/2023 09:00:00 AM,146
10/15/2023 08:45:00 AM,140
10/15/2023 08:30:00 AM,130
10/15/2023 08:15:00 AM,124
10/15/2023 08:00:00 AM,101
10/15/2023 07:45:00 AM,87
10/15/2023 07:30:00 AM,101
10/15/2023 07:15:00 AM,85
10/15/2023 07:00:00 AM,78
10/15/2023 06:45:00 AM,70
10/15/2023 06:30:00 AM,74
10/15/2023 06:15:00 AM,55
10/15/2023 06:00:00 AM,62
10/15/2023 05:45:00 AM,48
10/15/2023 05:30:00 AM,58
10/15/2023 05:15:00 AM,48
10/15/2023 05:00:00 AM,44
10/15/2023 04:45:00 AM,41
10/15/2023 04:30:00 AM,55
10/15/2023 04:15:00 AM,37
10/15/2023 04:00:00 AM,47
10/15/2023 03:45:00 AM,33
10/15/2023 03:30:00 AM,45
10/15/2023 03:15:00 AM,45
10/15/2023 03:00:00 AM,44
10/15/2023 02:45:00 AM,64
10/15/2023 02:30:00 AM,38
10/15/2023 02:15:00 AM,58
10/15/2023 02:00:00 AM,67
10/15/2023 01:45:00 AM,68
10/15/2023 01:30:00 AM,56
10/15/2023 01:15:00 AM,74
10/15/2023 01:00:00 AM,83
10/15/2023 12:45:00 AM,82
10/15/2023 12:30:00 AM,95
10/15/2023 12:15:00 AM,117
10/15/2023 12:00:00 AM,134
10/14/2023 11:45:00 PM,107
10/14/2023 11:30:00 PM,109
10/14/2023 11:15:00 PM,136
10/14/2023 11:00:00 PM,146
10/14/2023 10:45:00 PM,137
10/14/2023 10:30:00 PM,143
10/14/2023 10:15:00 PM,118
10/14/2023 10:00:00 PM,134
10/14/2023 09:45:00 PM,138
10/14/2023 09:30:00 PM,151
10/14/2023 09:15:00 PM,159
10/14/2023 09:00:00 PM,152
10/14/2023 08:45:00 PM,173
10/14/2023 08:30:00 PM,179
10/14/2023 08:15:00 PM,200
10/14/2023 08:00:00 PM,215
10/14/2023 07:45:00 PM,221
10/14/2023 07:30:00 PM,227
10/14/2023 07:15:00 PM,234
10/14/2023 07:00:00 PM,272
10/14/2023 06:45:00 PM,238
10/14/2023 06:30:00 PM,236
10/14/2023 06:15:00 PM,250
10/14/2023 06:00:00 PM,240
10/14/2023 05:45:00 PM,261
10/14/2023 05:30:00 PM,257
10/14/2023 05:15:00 PM,237
10/14/2023 05:00:00 PM,255
10/14/2023 04:45:00 PM,252
10/14/2023 04:30:00 PM,256
10/14/2023 04:15:00 PM,249
10/14/2023 04:00:00 PM,240
10/14/2023 03:45:00 PM,240
10/14/2023 03:30:00 PM,215
10/14/2023 03:15:00 PM,216
10/14/2023 03:00:00 PM,268
10/14/2023 02:45:00 PM,270
10/14/2023 02:30:00 PM,268
10/14/2023 02:15:00 PM,249
10/14/2023 02:00:00 PM,253
10/14/2023 01:45:00 PM,261
10/14/2023 01:30:00 PM,271
10/14/2023 01:15:00 PM,264
10/14/2023 01:00:00 PM,252
10/14/2023 12:45:00 PM,251
10/14/2023 12:30:00 PM,243
10/14/2023 12:15:00 PM,290
10/14/2023 12:00:00 PM,277
10/14/2023 11:45:00 AM,297
10/14/2023 11:30:00 AM,270
10/14/2023 11:15:00 AM,289
10/14/2023 11:00:00 AM,263
10/14/2023 10:45:00 AM,257
10/14/2023 10:30:00 AM,258
10/14/2023 10:15:00 AM,223
10/14/2023 10:00:00 AM,239
10/14/2023 09:45:00 AM,218
10/14/2023 09:30:00 AM,236
10/14/2023 09:15:00 AM,186
10/14/2023 09:00:00 AM,166
10/14/2023 08:45:00 AM,142
10/14/2023 08:30:00 AM,130
10/14/2023 08:15:00 AM,125
10/14/2023 08:00:00 AM,113
10/14/2023 07:45:00 AM,115
10/14/2023 07:30:00 AM,108
10/14/2023 07:15:00 AM,88
10/14/2023 07:00:00 AM,89
10/14/2023 06:45:00 AM,52
10/14/2023 06:30:00 AM,63
10/14/2023 06:15:00 AM,55
10/14/2023 06:00:00 AM,64
10/14/2023 05:45:00 AM,45
10/14/2023 05:30:00 AM,40
10/14/2023 05:15:00 AM,46
10/14/2023 05:00:00 AM,40
10/14/2023 04:45:00 AM,34
10/14/2023 04:30:00 AM,32
10/14/2023 04:15:00 AM,24
10/14/2023 04:00:00 AM,35
10/14/2023 03:45:00 AM,36
10/14/2023 03:30:00 AM,29
10/14/2023 03:15:00 AM,26
10/14/2023 03:00:00 AM,45
10/14/2023 02:45:00 AM,35
10/14/2023 02:30:00 AM,47
10/14/2023 02:15:00 AM,51
10/14/2023 02:00:00 AM,70
10/14/2023 01:45:00 AM,56
10/14/2023 01:30:00 AM,75
10/14/2023 01:15:00 AM,85
10/14/2023 01:00:00 AM,77
10/14/2023 12:45:00 AM,96
10/14/2023 12:30:00 AM,116
10/14/2023 12:15:00 AM,115
10/14/2023 12:00:00 AM,163
10/13/2023 11:45:00 PM,111
10/13/2023 11:30:00 PM,141
10/13/2023 11:15:00 PM,138
10/13/2023 11:00:00 PM,151
10/13/2023 10:45:00 PM,156
10/13/2023 10:30:00 PM,173
10/13/2023 10:15:00 PM,170
10/13/2023 10:00:00 PM,167
10/13/2023 09:45:00 PM,184
10/13/2023 09:30:00 PM,181
10/13/2023 09:15:00 PM,228
10/13/2023 09:00:00 PM,228
10/13/2023 08:45:00 PM,254
10/13/2023 08:30:00 PM,296
10/13/2023 08:15:00 PM,255
10/13/2023 08:00:00 PM,243
10/13/2023 07:45:00 PM,316
10/13/2023 07:30:00 PM,357
10/13/2023 07:15:00 PM,381
10/13/2023 07:00:00 PM,376
10/13/2023 06:45:00 PM,382
10/13/2023 06:30:00 PM,407
10/13/2023 06:15:00 PM,384
10/13/2023 06:00:00 PM,393
10/13/2023 05:45:00 PM,393
10/13/2023 05:30:00 PM,382
10/13/2023 05:15:00 PM,410
10/13/2023 05:00:00 PM,411
10/13/2023 04:45:00 PM,418
10/13/2023 04:30:00 PM,400
10/13/2023 04:15:00 PM,397
10/13/2023 04:00:00 PM,402
10/13/2023 03:45:00 PM,396
10/13/2023 03:30:00 PM,417
10/13/2023 03:15:00 PM,432
10/13/2023 03:00:00 PM,459
10/13/2023 02:45:00 PM,428
10/13/2023 02:30:00 PM,400
10/13/2023 02:15:00 PM,394
10/13/2023 02:00:00 PM,362
10/13/2023 01:45:00 PM,359
10/13/2023 01:30:00 PM,342
10/13/2023 01:15:00 PM,390
10/13/2023 01:00:00 PM,342
10/13/2023 12:45:00 PM,331
10/13/2023 12:30:00 PM,401
10/13/2023 12:15:00 PM,438
10/13/2023 12:00:00 PM,349
10/13/2023 11:45:00 AM,372
10/13/2023 11:30:00 AM,342
10/13/2023 11:15:00 AM,358
10/13/2023 11:00:00 AM,318
10/13/2023 10:45:00 AM,306
10/13/2023 10:30:00 AM,326
10/13/2023 10:15:00 AM,312
10/13/2023 10:00:00 AM,308
10/13/2023 09:45:00 AM,291
10/13/2023 09:30:00 AM,264
10/13/2023 09:15:00 AM,315
10/13/2023 09:00:00 AM,276
10/13/2023 08:45:00 AM,210
10/13/2023 08:30:00 AM,251
10/13/2023 08:15:00 AM,234
10/13/2023 08:00:00 AM,255
10/13/2023 07:45:00 AM,223
10/13/2023 07:30:00 AM,209
10/13/2023 07:15:00 AM,152
10/13/2023 07:00:00 AM,151
10/13/2023 06:45:00 AM,126
10/13/2023 06:30:00 AM,117
10/13/2023 06:15:00 AM,103
10/13/2023 06:00:00 AM,88
10/13/2023 05:45:00 AM,75
10/13/2023 05:30:00 AM,51
10/13/2023 05:15:00 AM,68
10/13/2023 05:00:00 AM,48
10/13/2023 04:45:00 AM,48
10/13/2023 04:30:00 AM,33
10/13/2023 04:15:00 AM,31
10/13/2023 04:00:00 AM,26
10/13/2023 03:45:00 AM,23
10/13/2023 03:30:00 AM,21
10/13/2023 03:15:00 AM,20
10/13/2023 03:00:00 AM,17
10/13/2023 02:45:00 AM,30
10/13/2023 02:30:00 AM,31
10/13/2023 02:15:00 AM,32
10/13/2023 02:00:00 AM,34
10/13/2023 01:45:00 AM,43
10/13/2023 01:30:00 AM,57
10/13/2023 01:15:00 AM,67
10/13/2023 01:00:00 AM,54
10/13/2023 12:45:00 AM,85
10/13/2023 12:30:00 AM,79
10/13/2023 12:15:00 AM,120
10/13/2023 12:00:00 AM,152
10/12/2023 11:45:00 PM,138
10/12/2023 11:30:00 PM,134
10/12/2023 11:15:00 PM,146
10/12/2023 11:00:00 PM,149
10/12/2023 10:45:00 PM,206
10/12/2023 10:30:00 PM,196
10/12/2023 10:15:00 PM,204
10/12/2023 10:00:00 PM,192
10/12/2023 09:45:00 PM,200
10/12/2023 09:30:00 PM,248
10/12/2023 09:15:00 PM,278
10/12/2023 09:00:00 PM,285
10/12/2023 08:45:00 PM,285
10/12/2023 08:30:00 PM,346
10/12/2023 08:15:00 PM,380
10/12/2023 08:00:00 PM,387
10/12/2023 07:45:00 PM,353
10/12/2023 07:30:00 PM,381
10/12/2023 07:15:00 PM,423
10/12/2023 07:00:00 PM,440
10/12/2023 06:45:00 PM,439
10/12/2023 06:30:00 PM,428
10/12/2023 06:15:00 PM,457
10/12/2023 06:00:00 PM,416
10/12/2023 05:45:00 PM,467
10/12/2023 05:30:00 PM,459
10/12/2023 05:15:00 PM,446
10/12/2023 05:00:00 PM,486
10/12/2023 04:45:00 PM,424
10/12/2023 04:30:00 PM,421
10/12/2023 04:15:00 PM,400
10/12/2023 04:00:00 PM,380
10/12/2023 03:45:00 PM,427
10/12/2023 03:30:00 PM,423
10/12/2023 03:15:00 PM,381
10/12/2023 03:00:00 PM,443
10/12/2023 02:45:00 PM,382
10/12/2023 02:30:00 PM,389
10/12/2023 02:15:00 PM,412
10/12/2023 02:00:00 PM,397
10/12/2023 01:45:00 PM,356
10/12/2023 01:30:00 PM,435
10/12/2023 01:15:00 PM,408
10/12/2023 01:00:00 PM,335
10/12/2023 12:45:00 PM,367
10/12/2023 12:30:00 PM,344
10/12/2023 12:15:00 PM,367
10/12/2023 12:00:00 PM,354
10/12/2023 11:45:00 AM,382
10/12/2023 11:30:00 AM,353
10/12/2023 11:15:00 AM,362
10/12/2023 11:00:00 AM,317
10/12/2023 10:45:00 AM,308
10/12/2023 10:30:00 AM,344
10/12/2023 10:15:00 AM,296
10/12/2023 10:00:00 AM,327
10/12/2023 09:45:00 AM,368
10/12/2023 09:30:00 AM,339
10/12/2023 09:15:00 AM,332
10/12/2023 09:00:00 AM,324
10/12/2023 08:45:00 AM,331
10/12/2023 08:30:00 AM,326
10/12/2023 08:15:00 AM,266
10/12/2023 08:00:00 AM,284
10/12/2023 07:45:00 AM,248
10/12/2023 07:30:00 AM,220
10/12/2023 07:15:00 AM,216
10/12/2023 07:00:00 AM,193
10/12/2023 06:45:00 AM,151
10/12/2023 06:30:00 AM,121
10/12/2023 06:15:00 AM,106
10/12/2023 06:00:00 AM,88
10/12/2023 05:45:00 AM,77
10/12/2023 05:30:00 AM,61
10/12/2023 05:15:00 AM,58
10/12/2023 05:00:00 AM,57
10/12/2023 04:45:00 AM,33
10/12/2023 04:30:00 AM,28
10/12/2023 04:15:00 AM,26
10/12/2023 04:00:00 AM,21
10/12/2023 03:45:00 AM,24
10/12/2023 03:30:00 AM,25
10/12/2023 03:15:00 AM,13
10/12/2023 03:00:00 AM,12
10/12/2023 02:45:00 AM,17
10/12/2023 02:30:00 AM,14
10/12/2023 02:15:00 AM,9
10/12/2023 02:00:00 AM,22
10/12/2023 01:45:00 AM,25
10/12/2023 01:30:00 AM,22
10/12/2023 01:15:00 AM,33
10/12/2023 01:00:00 AM,43
10/12/2023 12:45:00 AM,50
10/12/2023 12:30:00 AM,63
10/12/2023 12:15:00 AM,82
10/12/2023 12:00:00 AM,111
10/11/2023 11:45:00 PM,91
10/11/2023 11:30:00 PM,72
10/11/2023 11:15:00 PM,92
10/11/2023 11:00:00 PM,132
10/11/2023 10:45:00 PM,157
10/11/2023 10:30:00 PM,157
10/11/2023 10:15:00 PM,172
10/11/2023 10:00:00 PM,167
10/11/2023 09:45:00 PM,219
10/11/2023 09:30:00 PM,207
10/11/2023 09:15:00 PM,278
10/11/2023 09:00:00 PM,239
10/11/2023 08:45:00 PM,270
10/11/2023 08:30:00 PM,278
10/11/2023 08:15:00 PM,282
10/11/2023 08:00:00 PM,343
10/11/2023 07:45:00 PM,344
10/11/2023 07:30:00 PM,367
10/11/2023 07:15:00 PM,405
10/11/2023 07:00:00 PM,383
10/11/2023 06:45:00 PM,464
10/11/2023 06:30:00 PM,408
10/11/2023 06:15:00 PM,439
10/11/2023 06:00:00 PM,414
10/11/2023 05:45:00 PM,425
10/11/2023 05:30:00 PM,420
10/11/2023 05:15:00 PM,501
10/11/2023 05:00:00 PM,459
10/11/2023 04:45:00 PM,437
10/11/2023 04:30:00 PM,436
10/11/2023 04:15:00 PM,452
10/11/2023 04:00:00 PM,439
10/11/2023 03:45:00 PM,476
10/11/2023 03:30:00 PM,428
10/11/2023 03:15:00 PM,456
10/11/2023 03:00:00 PM,490
10/11/2023 02:45:00 PM,389
10/11/2023 02:30:00 PM,431
10/11/2023 02:15:00 PM,415
10/11/2023 02:00:00 PM,456
10/11/2023 01:45:00 PM,413
10/11/2023 01:30:00 PM,415
10/11/2023 01:15:00 PM,403
10/11/2023 01:00:00 PM,397
10/11/2023 12:45:00 PM,365
10/11/2023 12:30:00 PM,364
10/11/2023 12:15:00 PM,401
10/11/2023 12:00:00 PM,397
10/11/2023 11:45:00 AM,382
10/11/2023 11:30:00 AM,389
10/11/2023 11:15:00 AM,326
10/11/2023 11:00:00 AM,324
10/11/2023 10:45:00 AM,329
10/11/2023 10:30:00 AM,294
10/11/2023 10:15:00 AM,315
10/11/2023 10:00:00 AM,337
10/11/2023 09:45:00 AM,417
10/11/2023 09:30:00 AM,373
10/11/2023 09:15:00 AM,355
10/11/2023 09:00:00 AM,408
10/11/2023 08:45:00 AM,383
10/11/2023 08:30:00 AM,341
10/11/2023 08:15:00 AM,324
10/11/2023 08:00:00 AM,339
10/11/2023 07:45:00 AM,288
10/11/2023 07:30:00 AM,296
10/11/2023 07:15:00 AM,183
10/11/2023 07:00:00 AM,189
10/11/2023 06:45:00 AM,160
10/11/2023 06:30:00 AM,121
10/11/2023 06:15:00 AM,81
10/11/2023 06:00:00 AM,46
10/11/2023 05:45:00 AM,57
10/11/2023 05:30:00 AM,36
10/11/2023 05:15:00 AM,47
10/11/2023 05:00:00 AM,43
10/11/2023 04:45:00 AM,27
10/11/2023 04:30:00 AM,23
10/11/2023 04:15:00 AM,23
10/11/2023 04:00:00 AM,12
10/11/2023 03:45:00 AM,19
10/11/2023 03:30:00 AM,14
10/11/2023 03:15:00 AM,13
10/11/2023 03:00:00 AM,10
10/11/2023 02:45:00 AM,10
10/11/2023 02:30:00 AM,15
10/11/2023 02:15:00 AM,9
10/11/2023 02:00:00 AM,10
10/11/2023 01:45:00 AM,16
10/11/2023 01:30:00 AM,22
10/11/2023 01:15:00 AM,22
10/11/2023 01:00:00 AM,32
10/11/2023 12:45:00 AM,24
10/11/2023 12:30:00 AM,37
10/11/2023 12:15:00 AM,58
10/11/2023 12:00:00 AM,74
10/10/2023 11:45:00 PM,82
10/10/2023 11:30:00 PM,85
10/10/2023 11:15:00 PM,92
10/10/2023 11:00:00 PM,106
10/10/2023 10:45:00 PM,112
10/10/2023 10:30:00 PM,136
10/10/2023 10:15:00 PM,139
10/10/2023 10:00:00 PM,122
10/10/2023 09:45:00 PM,158
10/10/2023 09:30:00 PM,135
10/10/2023 09:15:00 PM,190
10/10/2023 09:00:00 PM,192
10/10/2023 08:45:00 PM,224
10/10/2023 08:30:00 PM,243
10/10/2023 08:15:00 PM,287
10/10/2023 08:00:00 PM,292
10/10/2023 07:45:00 PM,298
10/10/2023 07:30:00 PM,306
10/10/2023 07:15:00 PM,332
10/10/2023 07:00:00 PM,326
10/10/2023 06:45:00 PM,364
10/10/2023 06:30:00 PM,358
10/10/2023 06:15:00 PM,386
10/10/2023 06:00:00 PM,401
10/10/2023 05:45:00 PM,448
10/10/2023 05:30:00 PM,436
10/10/2023 05:15:00 PM,403
10/10/2023 05:00:00 PM,404
10/10/2023 04:45:00 PM,387
10/10/2023 04:30:00 PM,389
10/10/2023 04:15:00 PM,400
10/10/2023 04:00:00 PM,374
10/10/2023 03:45:00 PM,369
10/10/2023 03:30:00 PM,374
10/10/2023 03:15:00 PM,416
10/10/2023 03:00:00 PM,359
10/10/2023 02:45:00 PM,367
10/10/2023 02:30:00 PM,401
10/10/2023 02:15:00 PM,385
10/10/2023 02:00:00 PM,340
10/10/2023 01:45:00 PM,359
10/10/2023 01:30:00 PM,363
10/10/2023 01:15:00 PM,398
10/10/2023 01:00:00 PM,355
10/10/2023 12:45:00 PM,333
10/10/2023 12:30:00 PM,322
10/10/2023 12:15:00 PM,324
10/10/2023 12:00:00 PM,367
10/10/2023 11:45:00 AM,390
10/10/2023 11:30:00 AM,332
10/10/2023 11:15:00 AM,289
10/10/2023 11:00:00 AM,317
10/10/2023 10:45:00 AM,314
10/10/2023 10:30:00 AM,326
10/10/2023 10:15:00 AM,295
10/10/2023 10:00:00 AM,344
10/10/2023 09:45:00 AM,371
10/10/2023 09:30:00 AM,337
10/10/2023 09:15:00 AM,333
10/10/2023 09:00:00 AM,375
10/10/2023 08:45:00 AM,339
10/10/2023 08:30:00 AM,308
10/10/2023 08:15:00 AM,328
10/10/2023 08:00:00 AM,299
10/10/2023 07:45:00 AM,266
10/10/2023 07:30:00 AM,232
10/10/2023 07:15:00 AM,201
10/10/2023 07:00:00 AM,159
10/10/2023 06:45:00 AM,158
10/10/2023 06:30:00 AM,134
10/10/2023 06:15:00 AM,94
10/10/2023 06:00:00 AM,81
10/10/2023 05:45:00 AM,67
10/10/2023 05:30:00 AM,60
10/10/2023 05:15:00 AM,62
10/10/2023 05:00:00 AM,48
10/10/2023 04:45:00 AM,42
10/10/2023 04:30:00 AM,27
10/10/2023 04:15:00 AM,24
10/10/2023 04:00:00 AM,25
10/10/2023 03:45:00 AM,21
10/10/2023 03:30:00 AM,8
10/10/2023 03:15:00 AM,12
10/10/2023 03:00:00 AM,20
10/10/2023 02:45:00 AM,5
10/10/2023 02:30:00 AM,7
10/10/2023 02:15:00 AM,11
10/10/2023 02:00:00 AM,14
10/10/2023 01:45:00 AM,21
10/10/2023 01:30:00 AM,26
10/10/2023 01:15:00 AM,38
10/10/2023 01:00:00 AM,42
10/10/2023 12:45:00 AM,38
10/10/2023 12:30:00 AM,54
10/10/2023 12:15:00 AM,77
10/10/2023 12:00:00 AM,91
10/09/2023 11:45:00 PM,55
10/09/2023 11:30:00 PM,65
10/09/2023 11:15:00 PM,120
10/09/2023 11:00:00 PM,95
10/09/2023 10:45:00 PM,99
10/09/2023 10:30:00 PM,115
10/09/2023 10:15:00 PM,139
10/09/2023 10:00:00 PM,117
10/09/2023 09:45:00 PM,151
10/09/2023 09:30:00 PM,155
10/09/2023 09:15:00 PM,158
10/09/2023 09:00:00 PM,177
10/09/2023 08:45:00 PM,204
10/09/2023 08:30:00 PM,256
10/09/2023 08:15:00 PM,282
10/09/2023 08:00:00 PM,257
10/09/2023 07:45:00 PM,229
10/09/2023 07:30:00 PM,277
10/09/2023 07:15:00 PM,316
10/09/2023 07:00:00 PM,330
10/09/2023 06:45:00 PM,289
10/09/2023 06:30:00 PM,319
10/09/2023 06:15:00 PM,305
10/09/2023 06:00:00 PM,345
10/09/2023 05:45:00 PM,311
10/09/2023 05:30:00 PM,352
10/09/2023 05:15:00 PM,360
10/09/2023 05:00:00 PM,339
10/09/2023 04:45:00 PM,335
10/09/2023 04:30:00 PM,326
10/09/2023 04:15:00 PM,354
10/09/2023 04:00:00 PM,345
10/09/2023 03:45:00 PM,360
10/09/2023 03:30:00 PM,304
10/09/2023 03:15:00 PM,366
10/09/2023 03:00:00 PM,368
10/09/2023 02:45:00 PM,329
10/09/2023 02:30:00 PM,340
10/09/2023 02:15:00 PM,370
10/09/2023 02:00:00 PM,373
10/09/2023 01:45:00 PM,348
10/09/2023 01:30:00 PM,379
10/09/2023 01:15:00 PM,328
10/09/2023 01:00:00 PM,363
10/09/2023 12:45:00 PM,382
10/09/2023 12:30:00 PM,354
10/09/2023 12:15:00 PM,364
10/09/2023 12:00:00 PM,354
10/09/2023 11:45:00 AM,372
10/09/2023 11:30:00 AM,364
10/09/2023 11:15:00 AM,348
10/09/2023 11:00:00 AM,315
10/09/2023 10:45:00 AM,351
10/09/2023 10:30:00 AM,355
10/09/2023 10:15:00 AM,324
10/09/2023 10:00:00 AM,335
10/09/2023 09:45:00 AM,322
10/09/2023 09:30:00 AM,329
10/09/2023 09:15:00 AM,275
10/09/2023 09:00:00 AM,268
10/09/2023 08:45:00 AM,259
10/09/2023 08:30:00 AM,260
10/09/2023 08:15:00 AM,238
10/09/2023 08:00:00 AM,248
10/09/2023 07:45:00 AM,229
10/09/2023 07:30:00 AM,198
10/09/2023 07:15:00 AM,197
10/09/2023 07:00:00 AM,173
10/09/2023 06:45:00 AM,141
10/09/2023 06:30:00 AM,148
10/09/2023 06:15:00 AM,131
10/09/2023 06:00:00 AM,131
10/09/2023 05:45:00 AM,117
10/09/2023 05:30:00 AM,111
10/09/2023 05:15:00 AM,104
10/09/2023 05:00:00 AM,83
10/09/2023 04:45:00 AM,56
10/09/2023 04:30:00 AM,65
10/09/2023 04:15:00 AM,54
10/09/2023 04:00:00 AM,43
10/09/2023 03:45:00 AM,36
10/09/2023 03:30:00 AM,28
10/09/2023 03:15:00 AM,21
10/09/2023 03:00:00 AM,17
10/09/2023 02:45:00 AM,19
10/09/2023 02:30:00 AM,22
10/09/2023 02:15:00 AM,10
10/09/2023 02:00:00 AM,24
10/09/2023 01:45:00 AM,31
10/09/2023 01:30:00 AM,38
10/09/2023 01:15:00 AM,32
10/09/2023 01:00:00 AM,51
10/09/2023 12:45:00 AM,65
10/09/2023 12:30:00 AM,64
10/09/2023 12:15:00 AM,91
10/09/2023 12:00:00 AM,108
10/08/2023 11:45:00 PM,96
10/08/2023 11:30:00 PM,93
10/08/2023 11:15:00 PM,91
10/08/2023 11:00:00 PM,124
10/08/2023 10:45:00 PM,133
10/08/2023 10:30:00 PM,143
10/08/2023 10:15:00 PM,130
10/08/2023 10:00:00 PM,183
10/08/2023 09:45:00 PM,160
10/08/2023 09:30:00 PM,157
10/08/2023 09:15:00 PM,190
10/08/2023 09:00:00 PM,203
10/08/2023 08:45:00 PM,203
10/08/2023 08:30:00 PM,231
10/08/2023 08:15:00 PM,248
10/08/2023 08:00:00 PM,255
10/08/2023 07:45:00 PM,227
10/08/2023 07:30:00 PM,259
10/08/2023 07:15:00 PM,271
10/08/2023 07:00:00 PM,266
10/08/2023 06:45:00 PM,251
10/08/2023 06:30:00 PM,280
10/08/2023 06:15:00 PM,257
10/08/2023 06:00:00 PM,281
10/08/2023 05:45:00 PM,304
10/08/2023 05:30:00 PM,273
10/08/2023 05:15:00 PM,307
10/08/2023 05:00:00 PM,311
10/08/2023 04:45:00 PM,276
10/08/2023 04:30:00 PM,266
10/08/2023 04:15:00 PM,277
10/08/2023 04:00:00 PM,298
10/08/2023 03:45:00 PM,232
10/08/2023 03:30:00 PM,278
10/08/2023 03:15:00 PM,299
10/08/2023 03:00:00 PM,296
10/08/2023 02:45:00 PM,273
10/08/2023 02:30:00 PM,269
10/08/2023 02:15:00 PM,242
10/08/2023 02:00:00 PM,229
10/08/2023 01:45:00 PM,210
10/08/2023 01:30:00 PM,204
10/08/2023 01:15:00 PM,207
10/08/2023 01:00:00 PM,210
10/08/2023 12:45:00 PM,180
10/08/2023 12:30:00 PM,162
10/08/2023 12:15:00 PM,164
10/08/2023 12:00:00 PM,171
10/08/2023 11:45:00 AM,194
10/08/2023 11:30:00 AM,158
10/08/2023 11:15:00 AM,156
10/08/2023 11:00:00 AM,169
10/08/2023 10:45:00 AM,151
10/08/2023 10:30:00 AM,151
10/08/2023 10:15:00 AM,121
10/08/2023 10:00:00 AM,132
10/08/2023 09:45:00 AM,119
10/08/2023 09:30:00 AM,101
10/08/2023 09:15:00 AM,97
10/08/2023 09:00:00 AM,107
10/08/2023 08:45:00 AM,80
10/08/2023 08:30:00 AM,73
10/08/2023 08:15:00 AM,91
10/08/2023 08:00:00 AM,92
10/08/2023 07:45:00 AM,85
10/08/2023 07:30:00 AM,81
10/08/2023 07:15:00 AM,66
10/08/2023 07:00:00 AM,75
10/08/2023 06:45:00 AM,88
10/08/2023 06:30:00 AM,78
10/08/2023 06:15:00 AM,55
10/08/2023 06:00:00 AM,61
10/08/2023 05:45:00 AM,58
10/08/2023 05:30:00 AM,50
10/08/2023 05:15:00 AM,57
10/08/2023 05:00:00 AM,42
10/08/2023 04:45:00 AM,38
10/08/2023 04:30:00 AM,36
10/08/2023 04:15:00 AM,33
10/08/2023 04:00:00 AM,26
10/08/2023 03:45:00 AM,38
10/08/2023 03:30:00 AM,35
10/08/2023 03:15:00 AM,32
10/08/2023 03:00:00 AM,37
10/08/2023 02:45:00 AM,48
10/08/2023 02:30:00 AM,47
10/08/2023 02:15:00 AM,57
10/08/2023 02:00:00 AM,52
10/08/2023 01:45:00 AM,74
10/08/2023 01:30:00 AM,67
10/08/2023 01:15:00 AM,60
10/08/2023 01:00:00 AM,60
10/08/2023 12:45:00 AM,82
10/08/2023 12:30:00 AM,83
10/08/2023 12:15:00 AM,90
10/08/2023 12:00:00 AM,112
10/07/2023 11:45:00 PM,114
10/07/2023 11:30:00 PM,110
10/07/2023 11:15:00 PM,140
10/07/2023 11:00:00 PM,147
10/07/2023 10:45:00 PM,135
10/07/2023 10:30:00 PM,150
10/07/2023 10:15:00 PM,138
10/07/2023 10:00:00 PM,137
10/07/2023 09:45:00 PM,132
10/07/2023 09:30:00 PM,145
10/07/2023 09:15:00 PM,143
10/07/2023 09:00:00 PM,147
10/07/2023 08:45:00 PM,157
10/07/2023 08:30:00 PM,179
10/07/2023 08:15:00 PM,201
10/07/2023 08:00:00 PM,203
10/07/2023 07:45:00 PM,253
10/07/2023 07:30:00 PM,259
10/07/2023 07:15:00 PM,259
10/07/2023 07:00:00 PM,249
10/07/2023 06:45:00 PM,282
10/07/2023 06:30:00 PM,291
10/07/2023 06:15:00 PM,270
10/07/2023 06:00:00 PM,230
10/07/2023 05:45:00 PM,280
10/07/2023 05:30:00 PM,301
10/07/2023 05:15:00 PM,282
10/07/2023 05:00:00 PM,278
10/07/2023 04:45:00 PM,291
10/07/2023 04:30:00 PM,262
10/07/2023 04:15:00 PM,288
10/07/2023 04:00:00 PM,268
10/07/2023 03:45:00 PM,246
10/07/2023 03:30:00 PM,252
10/07/2023 03:15:00 PM,294
10/07/2023 03:00:00 PM,281
10/07/2023 02:45:00 PM,255
10/07/2023 02:30:00 PM,270
10/07/2023 02:15:00 PM,255
10/07/2023 02:00:00 PM,257
10/07/2023 01:45:00 PM,240
10/07/2023 01:30:00 PM,273
10/07/2023 01:15:00 PM,248
10/07/2023 01:00:00 PM,243
10/07/2023 12:45:00 PM,286
10/07/2023 12:30:00 PM,245
10/07/2023 12:15:00 PM,261
10/07/2023 12:00:00 PM,259
10/07/2023 11:45:00 AM,242
10/07/2023 11:30:00 AM,259
10/07/2023 11:15:00 AM,273
10/07/2023 11:00:00 AM,257
10/07/2023 10:45:00 AM,257
10/07/2023 10:30:00 AM,260
10/07/2023 10:15:00 AM,232
10/07/2023 10:00:00 AM,218
10/07/2023 09:45:00 AM,214
10/07/2023 09:30:00 AM,200
10/07/2023 09:15:00 AM,183
10/07/2023 09:00:00 AM,163
10/07/2023 08:45:00 AM,180
10/07/2023 08:30:00 AM,136
10/07/2023 08:15:00 AM,98
10/07/2023 08:00:00 AM,123
10/07/2023 07:45:00 AM,113
10/07/2023 07:30:00 AM,82
10/07/2023 07:15:00 AM,73
10/07/2023 07:00:00 AM,63
10/07/2023 06:45:00 AM,72
10/07/2023 06:30:00 AM,53
10/07/2023 06:15:00 AM,57
10/07/2023 06:00:00 AM,33
10/07/2023 05:45:00 AM,35
10/07/2023 05:30:00 AM,30
10/07/2023 05:15:00 AM,31
10/07/2023 05:00:00 AM,28
10/07/2023 04:45:00 AM,30
10/07/2023 04:30:00 AM,33
10/07/2023 04:15:00 AM,31
10/07/2023 04:00:00 AM,28
10/07/2023 03:45:00 AM,43
10/07/2023 03:30:00 AM,25
10/07/2023 03:15:00 AM,29
10/07/2023 03:00:00 AM,36
10/07/2023 02:45:00 AM,32
10/07/2023 02:30:00 AM,43
10/07/2023 02:15:00 AM,43
10/07/2023 02:00:00 AM,58
10/07/2023 01:45:00 AM,68
10/07/2023 01:30:00 AM,58
10/07/2023 01:15:00 AM,71
10/07/2023 01:00:00 AM,87
10/07/2023 12:45:00 AM,82
10/07/2023 12:30:00 AM,99
10/07/2023 12:15:00 AM,113
10/07/2023 12:00:00 AM,123
10/06/2023 11:45:00 PM,129
10/06/2023 11:30:00 PM,141
10/06/2023 11:15:00 PM,121
10/06/2023 11:00:00 PM,156
10/06/2023 10:45:00 PM,130
10/06/2023 10:30:00 PM,148
10/06/2023 10:15:00 PM,186
10/06/2023 10:00:00 PM,189
10/06/2023 09:45:00 PM,197
10/06/2023 09:30:00 PM,221
10/06/2023 09:15:00 PM,246
10/06/2023 09:00:00 PM,227
10/06/2023 08:45:00 PM,289
10/06/2023 08:30:00 PM,288
10/06/2023 08:15:00 PM,323
10/06/2023 08:00:00 PM,321
10/06/2023 07:45:00 PM,339
10/06/2023 07:30:00 PM,361
10/06/2023 07:15:00 PM,408
10/06/2023 07:00:00 PM,398
10/06/2023 06:45:00 PM,466
10/06/2023 06:30:00 PM,414
10/06/2023 06:15:00 PM,423
10/06/2023 06:00:00 PM,356
10/06/2023 05:45:00 PM,452
10/06/2023 05:30:00 PM,437
10/06/2023 05:15:00 PM,445
10/06/2023 05:00:00 PM,442
10/06/2023 04:45:00 PM,392
10/06/2023 04:30:00 PM,400
10/06/2023 04:15:00 PM,402
10/06/2023 04:00:00 PM,405
10/06/2023 03:45:00 PM,385
10/06/2023 03:30:00 PM,422
10/06/2023 03:15:00 PM,453
10/06/2023 03:00:00 PM,426
10/06/2023 02:45:00 PM,481
10/06/2023 02:30:00 PM,433
10/06/2023 02:15:00 PM,405
10/06/2023 02:00:00 PM,441
10/06/2023 01:45:00 PM,411
10/06/2023 01:30:00 PM,435
10/06/2023 01:15:00 PM,404
10/06/2023 01:00:00 PM,360
10/06/2023 12:45:00 PM,376
10/06/2023 12:30:00 PM,378
10/06/2023 12:15:00 PM,361
10/06/2023 12:00:00 PM,362
10/06/2023 11:45:00 AM,361
10/06/2023 11:30:00 AM,343
10/06/2023 11:15:00 AM,345
10/06/2023 11:00:00 AM,350
10/06/2023 10:45:00 AM,340
10/06/2023 10:30:00 AM,299
10/06/2023 10:15:00 AM,317
10/06/2023 10:00:00 AM,321
10/06/2023 09:45:00 AM,321
10/06/2023 09:30:00 AM,302
10/06/2023 09:15:00 AM,303
10/06/2023 09:00:00 AM,273
10/06/2023 08:45:00 AM,275
10/06/2023 08:30:00 AM,264
10/06/2023 08:15:00 AM,239
10/06/2023 08:00:00 AM,258
10/06/2023 07:45:00 AM,234
10/06/2023 07:30:00 AM,194
10/06/2023 07:15:00 AM,174
10/06/2023 07:00:00 AM,132
10/06/2023 06:45:00 AM,116
10/06/2023 06:30:00 AM,107
10/06/2023 06:15:00 AM,86
10/06/2023 06:00:00 AM,70
10/06/2023 05:45:00 AM,50
10/06/2023 05:30:00 AM,67
10/06/2023 05:15:00 AM,56
10/06/2023 05:00:00 AM,40
10/06/2023 04:45:00 AM,37
10/06/2023 04:30:00 AM,38
10/06/2023 04:15:00 AM,33
10/06/2023 04:00:00 AM,36
10/06/2023 03:45:00 AM,18
10/06/2023 03:30:00 AM,19
10/06/2023 03:15:00 AM,23
10/06/2023 03:00:00 AM,27
10/06/2023 02:45:00 AM,24
10/06/2023 02:30:00 AM,24
10/06/2023 02:15:00 AM,15
10/06/2023 02:00:00 AM,33
10/06/2023 01:45:00 AM,35
10/06/2023 01:30:00 AM,48
10/06/2023 01:15:00 AM,46
10/06/2023 01:00:00 AM,52
10/06/2023 12:45:00 AM,78
10/06/2023 12:30:00 AM,84
10/06/2023 12:15:00 AM,98
10/06/2023 12:00:00 AM,105
10/05/2023 11:45:00 PM,145
10/05/2023 11:30:00 PM,123
10/05/2023 11:15:00 PM,135
10/05/2023 11:00:00 PM,156
10/05/2023 10:45:00 PM,207
10/05/2023 10:30:00 PM,172
10/05/2023 10:15:00 PM,206
10/05/2023 10:00:00 PM,177
10/05/2023 09:45:00 PM,194
10/05/2023 09:30:00 PM,234
10/05/2023 09:15:00 PM,241
10/05/2023 09:00:00 PM,222
10/05/2023 08:45:00 PM,319
10/05/2023 08:30:00 PM,311
10/05/2023 08:15:00 PM,311
10/05/2023 08:00:00 PM,334
10/05/2023 07:45:00 PM,345
10/05/2023 07:30:00 PM,358
10/05/2023 07:15:00 PM,408
10/05/2023 07:00:00 PM,366
10/05/2023 06:45:00 PM,404
10/05/2023 06:30:00 PM,409
10/05/2023 06:15:00 PM,437
10/05/2023 06:00:00 PM,357
10/05/2023 05:45:00 PM,400
10/05/2023 05:30:00 PM,416
10/05/2023 05:15:00 PM,410
10/05/2023 05:00:00 PM,438
10/05/2023 04:45:00 PM,386
10/05/2023 04:30:00 PM,400
10/05/2023 04:15:00 PM,411
10/05/2023 04:00:00 PM,403
10/05/2023 03:45:00 PM,389
10/05/2023 03:30:00 PM,435
10/05/2023 03:15:00 PM,404
10/05/2023 03:00:00 PM,399
10/05/2023 02:45:00 PM,414
10/05/2023 02:30:00 PM,372
10/05/2023 02:15:00 PM,356
10/05/2023 02:00:00 PM,433
10/05/2023 01:45:00 PM,357
10/05/2023 01:30:00 PM,357
10/05/2023 01:15:00 PM,375
10/05/2023 01:00:00 PM,370
10/05/2023 12:45:00 PM,410
10/05/2023 12:30:00 PM,380
10/05/2023 12:15:00 PM,382
10/05/2023 12:00:00 PM,393
10/05/2023 11:45:00 AM,348
10/05/2023 11:30:00 AM,352
10/05/2023 11:15:00 AM,293
10/05/2023 11:00:00 AM,366
10/05/2023 10:45:00 AM,345
10/05/2023 10:30:00 AM,306
10/05/2023 10:15:00 AM,313
10/05/2023 10:00:00 AM,346
10/05/2023 09:45:00 AM,355
10/05/2023 09:30:00 AM,327
10/05/2023 09:15:00 AM,291
10/05/2023 09:00:00 AM,318
10/05/2023 08:45:00 AM,303
10/05/2023 08:30:00 AM,327
10/05/2023 08:15:00 AM,294
10/05/2023 08:00:00 AM,247
10/05/2023 07:45:00 AM,238
10/05/2023 07:30:00 AM,207
10/05/2023 07:15:00 AM,214
10/05/2023 07:00:00 AM,202
10/05/2023 06:45:00 AM,147
10/05/2023 06:30:00 AM,141
10/05/2023 06:15:00 AM,125
10/05/2023 06:00:00 AM,80
10/05/2023 05:45:00 AM,50
10/05/2023 05:30:00 AM,50
10/05/2023 05:15:00 AM,53
10/05/2023 05:00:00 AM,51
10/05/2023 04:45:00 AM,33
10/05/2023 04:30:00 AM,33
10/05/2023 04:15:00 AM,32
10/05/2023 04:00:00 AM,22
10/05/2023 03:45:00 AM,28
10/05/2023 03:30:00 AM,20
10/05/2023 03:15:00 AM,11
10/05/2023 03:00:00 AM,26
10/05/2023 02:45:00 AM,11
10/05/2023 02:30:00 AM,23
10/05/2023 02:15:00 AM,18
10/05/2023 02:00:00 AM,25
10/05/2023 01:45:00 AM,38
10/05/2023 01:30:00 AM,38
10/05/2023 01:15:00 AM,34
10/05/2023 01:00:00 AM,45
10/05/2023 12:45:00 AM,43
10/05/2023 12:30:00 AM,52
10/05/2023 12:15:00 AM,76
10/05/2023 12:00:00 AM,95
10/04/2023 11:45:00 PM,95
10/04/2023 11:30:00 PM,87
10/04/2023 11:15:00 PM,119
10/04/2023 11:00:00 PM,136
10/04/2023 10:45:00 PM,139
10/04/2023 10:30:00 PM,151
10/04/2023 10:15:00 PM,160
10/04/2023 10:00:00 PM,154
10/04/2023 09:45:00 PM,211
10/04/2023 09:30:00 PM,203
10/04/2023 09:15:00 PM,214
10/04/2023 09:00:00 PM,226
10/04/2023 08:45:00 PM,232
10/04/2023 08:30:00 PM,254
10/04/2023 08:15:00 PM,291
10/04/2023 08:00:00 PM,296
10/04/2023 07:45:00 PM,312
10/04/2023 07:30:00 PM,325
10/04/2023 07:15:00 PM,354
10/04/2023 07:00:00 PM,382
10/04/2023 06:45:00 PM,369
10/04/2023 06:30:00 PM,352
10/04/2023 06:15:00 PM,403
10/04/2023 06:00:00 PM,381
10/04/2023 05:45:00 PM,385
10/04/2023 05:30:00 PM,362
10/04/2023 05:15:00 PM,378
10/04/2023 05:00:00 PM,365
10/04/2023 04:45:00 PM,342
10/04/2023 04:30:00 PM,366
10/04/2023 04:15:00 PM,420
10/04/2023 04:00:00 PM,431
10/04/2023 03:45:00 PM,405
10/04/2023 03:30:00 PM,357
10/04/2023 03:15:00 PM,412
10/04/2023 03:00:00 PM,463
10/04/2023 02:45:00 PM,412
10/04/2023 02:30:00 PM,425
10/04/2023 02:15:00 PM,386
10/04/2023 02:00:00 PM,418
10/04/2023 01:45:00 PM,416
10/04/2023 01:30:00 PM,429
10/04/2023 01:15:00 PM,409
10/04/2023 01:00:00 PM,392
10/04/2023 12:45:00 PM,398
10/04/2023 12:30:00 PM,386
10/04/2023 12:15:00 PM,377
10/04/2023 12:00:00 PM,425
10/04/2023 11:45:00 AM,415
10/04/2023 11:30:00 AM,352
10/04/2023 11:15:00 AM,377
10/04/2023 11:00:00 AM,360
10/04/2023 10:45:00 AM,362
10/04/2023 10:30:00 AM,372
10/04/2023 10:15:00 AM,342
10/04/2023 10:00:00 AM,340
10/04/2023 09:45:00 AM,363
10/04/2023 09:30:00 AM,398
10/04/2023 09:15:00 AM,364
10/04/2023 09:00:00 AM,349
10/04/2023 08:45:00 AM,296
10/04/2023 08:30:00 AM,312
10/04/2023 08:15:00 AM,299
10/04/2023 08:00:00 AM,293
10/04/2023 07:45:00 AM,302
10/04/2023 07:30:00 AM,248
10/04/2023 07:15:00 AM,215
10/04/2023 07:00:00 AM,204
10/04/2023 06:45:00 AM,147
10/04/2023 06:30:00 AM,125
10/04/2023 06:15:00 AM,93
10/04/2023 06:00:00 AM,90
10/04/2023 05:45:00 AM,69
10/04/2023 05:30:00 AM,58
10/04/2023 05:15:00 AM,58
10/04/2023 05:00:00 AM,44
10/04/2023 04:45:00 AM,41
10/04/2023 04:30:00 AM,37
10/04/2023 04:15:00 AM,24
10/04/2023 04:00:00 AM,27
10/04/2023 03:45:00 AM,27
10/04/2023 03:30:00 AM,12
10/04/2023 03:15:00 AM,14
10/04/2023 03:00:00 AM,20
10/04/2023 02:45:00 AM,19
10/04/2023 02:30:00 AM,25
10/04/2023 02:15:00 AM,22
10/04/2023 02:00:00 AM,26
10/04/2023 01:45:00 AM,21
10/04/2023 01:30:00 AM,36
10/04/2023 01:15:00 AM,35
10/04/2023 01:00:00 AM,36
10/04/2023 12:45:00 AM,54
10/04/2023 12:30:00 AM,52
10/04/2023 12:15:00 AM,54
10/04/2023 12:00:00 AM,81
10/03/2023 11:45:00 PM,80
10/03/2023 11:30:00 PM,88
10/03/2023 11:15:00 PM,75
10/03/2023 11:00:00 PM,102
10/03/2023 10:45:00 PM,144
10/03/2023 10:30:00 PM,145
10/03/2023 10:15:00 PM,154
10/03/2023 10:00:00 PM,176
10/03/2023 09:45:00 PM,192
10/03/2023 09:30:00 PM,174
10/03/2023 09:15:00 PM,224
10/03/2023 09:00:00 PM,222
10/03/2023 08:45:00 PM,278
10/03/2023 08:30:00 PM,251
10/03/2023 08:15:00 PM,300
10/03/2023 08:00:00 PM,306
10/03/2023 07:45:00 PM,325
10/03/2023 07:30:00 PM,310
10/03/2023 07:15:00 PM,367
10/03/2023 07:00:00 PM,377
10/03/2023 06:45:00 PM,367
10/03/2023 06:30:00 PM,400
10/03/2023 06:15:00 PM,416
10/03/2023 06:00:00 PM,419
10/03/2023 05:45:00 PM,422
10/03/2023 05:30:00 PM,414
10/03/2023 05:15:00 PM,437
10/03/2023 05:00:00 PM,427
10/03/2023 04:45:00 PM,427
10/03/2023 04:30:00 PM,429
10/03/2023 04:15:00 PM,434
10/03/2023 04:00:00 PM,457
10/03/2023 03:45:00 PM,409
10/03/2023 03:30:00 PM,414
10/03/2023 03:15:00 PM,423
10/03/2023 03:00:00 PM,394
10/03/2023 02:45:00 PM,436
10/03/2023 02:30:00 PM,367
10/03/2023 02:15:00 PM,420
10/03/2023 02:00:00 PM,380
10/03/2023 01:45:00 PM,385
10/03/2023 01:30:00 PM,399
10/03/2023 01:15:00 PM,409
10/03/2023 01:00:00 PM,386
10/03/2023 12:45:00 PM,379
10/03/2023 12:30:00 PM,399
10/03/2023 12:15:00 PM,389
10/03/2023 12:00:00 PM,400
10/03/2023 11:45:00 AM,386
10/03/2023 11:30:00 AM,359
10/03/2023 11:15:00 AM,323
10/03/2023 11:00:00 AM,347
10/03/2023 10:45:00 AM,329
10/03/2023 10:30:00 AM,349
10/03/2023 10:15:00 AM,389
10/03/2023 10:00:00 AM,379
10/03/2023 09:45:00 AM,357
10/03/2023 09:30:00 AM,346
10/03/2023 09:15:00 AM,398
10/03/2023 09:00:00 AM,367
10/03/2023 08:45:00 AM,396
10/03/2023 08:30:00 AM,372
10/03/2023 08:15:00 AM,318
10/03/2023 08:00:00 AM,347
10/03/2023 07:45:00 AM,271
10/03/2023 07:30:00 AM,272
10/03/2023 07:15:00 AM,194
10/03/2023 07:00:00 AM,188
10/03/2023 06:45:00 AM,138
10/03/2023 06:30:00 AM,110
10/03/2023 06:15:00 AM,73
10/03/2023 06:00:00 AM,52
10/03/2023 05:45:00 AM,45
10/03/2023 05:30:00 AM,37
10/03/2023 05:15:00 AM,35
10/03/2023 05:00:00 AM,36
10/03/2023 04:45:00 AM,24
10/03/2023 04:30:00 AM,33
10/03/2023 04:15:00 AM,20
10/03/2023 04:00:00 AM,12
10/03/2023 03:45:00 AM,9
10/03/2023 03:30:00 AM,13
10/03/2023 03:15:00 AM,15
10/03/2023 03:00:00 AM,19
10/03/2023 02:45:00 AM,9
10/03/2023 02:30:00 AM,10
10/03/2023 02:15:00 AM,11
10/03/2023 02:00:00 AM,14
10/03/2023 01:45:00 AM,14
10/03/2023 01:30:00 AM,36
10/03/2023 01:15:00 AM,26
10/03/2023 01:00:00 AM,30
10/03/2023 12:45:00 AM,49
10/03/2023 12:30:00 AM,81
10/03/2023 12:15:00 AM,90
10/03/2023 12:00:00 AM,88
10/02/2023 11:45:00 PM,83
10/02/2023 11:30:00 PM,114
10/02/2023 11:15:00 PM,94
10/02/2023 11:00:00 PM,114
10/02/2023 10:45:00 PM,134
10/02/2023 10:30:00 PM,131
10/02/2023 10:15:00 PM,139
10/02/2023 10:00:00 PM,142
10/02/2023 09:45:00 PM,141
10/02/2023 09:30:00 PM,171
10/02/2023 09:15:00 PM,191
10/02/2023 09:00:00 PM,233
10/02/2023 08:45:00 PM,231
10/02/2023 08:30:00 PM,256
10/02/2023 08:15:00 PM,272
10/02/2023 08:00:00 PM,272
10/02/2023 07:45:00 PM,285
10/02/2023 07:30:00 PM,312
10/02/2023 07:15:00 PM,338
10/02/2023 07:00:00 PM,382
10/02/2023 06:45:00 PM,377
10/02/2023 06:30:00 PM,364
10/02/2023 06:15:00 PM,367
10/02/2023 06:00:00 PM,420
10/02/2023 05:45:00 PM,381
10/02/2023 05:30:00 PM,396
10/02/2023 05:15:00 PM,400
10/02/2023 05:00:00 PM,391
10/02/2023 04:45:00 PM,332
10/02/2023 04:30:00 PM,375
10/02/2023 04:15:00 PM,367
10/02/2023 04:00:00 PM,374
10/02/2023 03:45:00 PM,349
10/02/2023 03:30:00 PM,389
10/02/2023 03:15:00 PM,383
10/02/2023 03:00:00 PM,409
10/02/2023 02:45:00 PM,382
10/02/2023 02:30:00 PM,401
10/02/2023 02:15:00 PM,372
10/02/2023 02:00:00 PM,340
10/02/2023 01:45:00 PM,319
10/02/2023 01:30:00 PM,400
10/02/2023 01:15:00 PM,355
10/02/2023 01:00:00 PM,347
10/02/2023 12:45:00 PM,332
10/02/2023 12:30:00 PM,325
10/02/2023 12:15:00 PM,369
10/02/2023 12:00:00 PM,367
10/02/2023 11:45:00 AM,327
10/02/2023 11:30:00 AM,381
10/02/2023 11:15:00 AM,313
10/02/2023 11:00:00 AM,319
10/02/2023 10:45:00 AM,293
10/02/2023 10:30:00 AM,291
10/02/2023 10:15:00 AM,333
10/02/2023 10:00:00 AM,336
10/02/2023 09:45:00 AM,311
10/02/2023 09:30:00 AM,322
10/02/2023 09:15:00 AM,318
10/02/2023 09:00:00 AM,330
10/02/2023 08:45:00 AM,288
10/02/2023 08:30:00 AM,308
10/02/2023 08:15:00 AM,311
10/02/2023 08:00:00 AM,304
10/02/2023 07:45:00 AM,252
10/02/2023 07:30:00 AM,246
10/02/2023 07:15:00 AM,182
10/02/2023 07:00:00 AM,184
10/02/2023 06:45:00 AM,145
10/02/2023 06:30:00 AM,136
10/02/2023 06:15:00 AM,99
10/02/2023 06:00:00 AM,73
10/02/2023 05:45:00 AM,73
10/02/2023 05:30:00 AM,43
10/02/2023 05:15:00 AM,50
10/02/2023 05:00:00 AM,37
10/02/2023 04:45:00 AM,33
10/02/2023 04:30:00 AM,22
10/02/2023 04:15:00 AM,22
10/02/2023 04:00:00 AM,20
10/02/2023 03:45:00 AM,18
10/02/2023 03:30:00 AM,18
10/02/2023 03:15:00 AM,11
10/02/2023 03:00:00 AM,20
10/02/2023 02:45:00 AM,12
10/02/2023 02:30:00 AM,28
10/02/2023 02:15:00 AM,14
10/02/2023 02:00:00 AM,14
10/02/2023 01:45:00 AM,25
10/02/2023 01:30:00 AM,39
10/02/2023 01:15:00 AM,42
10/02/2023 01:00:00 AM,59
10/02/2023 12:45:00 AM,63
10/02/2023 12:30:00 AM,72
10/02/2023 12:15:00 AM,96
10/02/2023 12:00:00 AM,124
10/01/2023 11:45:00 PM,110
10/01/2023 11:30:00 PM,110
10/01/2023 11:15:00 PM,101
10/01/2023 11:00:00 PM,129
10/01/2023 10:45:00 PM,102
10/01/2023 10:30:00 PM,134
10/01/2023 10:15:00 PM,107
10/01/2023 10:00:00 PM,138
10/01/2023 09:45:00 PM,157
10/01/2023 09:30:00 PM,174
10/01/2023 09:15:00 PM,154
10/01/2023 09:00:00 PM,218
10/01/2023 08:45:00 PM,222
10/01/2023 08:30:00 PM,217
10/01/2023 08:15:00 PM,209
10/01/2023 08:00:00 PM,234
10/01/2023 07:45:00 PM,230
10/01/2023 07:30:00 PM,276
10/01/2023 07:15:00 PM,229
10/01/2023 07:00:00 PM,259
10/01/2023 06:45:00 PM,245
10/01/2023 06:30:00 PM,276
10/01/2023 06:15:00 PM,271
10/01/2023 06:00:00 PM,250
10/01/2023 05:45:00 PM,300
10/01/2023 05:30:00 PM,266
10/01/2023 05:15:00 PM,260
10/01/2023 05:00:00 PM,277
10/01/2023 04:45:00 PM,313
10/01/2023 04:30:00 PM,259
10/01/2023 04:15:00 PM,264
10/01/2023 04:00:00 PM,285
10/01/2023 03:45:00 PM,263
10/01/2023 03:30:00 PM,294
10/01/2023 03:15:00 PM,308
10/01/2023 03:00:00 PM,290
10/01/2023 02:45:00 PM,258
10/01/2023 02:30:00 PM,268
10/01/2023 02:15:00 PM,260
10/01/2023 02:00:00 PM,276
10/01/2023 01:45:00 PM,246
10/01/2023 01:30:00 PM,292
10/01/2023 01:15:00 PM,238
10/01/2023 01:00:00 PM,253
10/01/2023 12:45:00 PM,245
10/01/2023 12:30:00 PM,261
10/01/2023 12:15:00 PM,244
10/01/2023 12:00:00 PM,290
10/01/2023 11:45:00 AM,256
10/01/2023 11:30:00 AM,256
10/01/2023 11:15:00 AM,216
10/01/2023 11:00:00 AM,221
10/01/2023 10:45:00 AM,209
10/01/2023 10:30:00 AM,194
10/01/2023 10:15:00 AM,229
10/01/2023 10:00:00 AM,213
10/01/2023 09:45:00 AM,186
10/01/2023 09:30:00 AM,163
10/01/2023 09:15:00 AM,154
10/01/2023 09:00:00 AM,113
10/01/2023 08:45:00 AM,114
10/01/2023 08:30:00 AM,116
10/01/2023 08:15:00 AM,100
10/01/2023 08:00:00 AM,108
10/01/2023 07:45:00 AM,112
10/01/2023 07:30:00 AM,91
10/01/2023 07:15:00 AM,71
10/01/2023 07:00:00 AM,78
10/01/2023 06:45:00 AM,46
10/01/2023 06:30:00 AM,63
10/01/2023 06:15:00 AM,58
10/01/2023 06:00:00 AM,40
10/01/2023 05:45:00 AM,30
10/01/2023 05:30:00 AM,49
10/01/2023 05:15:00 AM,38
10/01/2023 05:00:00 AM,35
10/01/2023 04:45:00 AM,36
10/01/2023 04:30:00 AM,38
10/01/2023 04:15:00 AM,33
10/01/2023 04:00:00 AM,32
10/01/2023 03:45:00 AM,31
10/01/2023 03:30:00 AM,21
10/01/2023 03:15:00 AM,38
10/01/2023 03:00:00 AM,41
10/01/2023 02:45:00 AM,32
10/01/2023 02:30:00 AM,43
10/01/2023 02:15:00 AM,41
10/01/2023 02:00:00 AM,42
10/01/2023 01:45:00 AM,48
10/01/2023 01:30:00 AM,60
10/01/2023 01:15:00 AM,59
10/01/2023 01:00:00 AM,60
10/01/2023 12:45:00 AM,51
10/01/2023 12:30:00 AM,76
10/01/2023 12:15:00 AM,86
10/01/2023 12:00:00 AM,92